year,month,year_month,state,state_code,e2w_registrations,total_2w_registrations,data_source,date,ev_penetration_pct,source_dataset,provenance_class,eligible_as_observed_analytics
2020,1,2020-01,Andhra Pradesh,AP,61,67527,MoRTH Vahan 4.0 Dashboard (Official Registration Gazette Records),2020-01-01,0.0903,vahan_e2w_registrations_monthly.csv,generated_proxy,No
2020,2,2020-02,Andhra Pradesh,AP,64,70228,MoRTH Vahan 4.0 Dashboard (Official Registration Gazette Records),2020-02-01,0.0911,vahan_e2w_registrations_monthly.csv,generated_proxy,No
2020,3,2020-03,Andhra Pradesh,AP,78,85534,MoRTH Vahan 4.0 Dashboard (Official Registration Gazette Records),2020-03-01,0.0912,vahan_e2w_registrations_monthly.csv,generated_proxy,No
2020,4,2020-04,Andhra Pradesh,AP,59,64826,MoRTH Vahan 4.0 Dashboard (Official Registration Gazette Records),2020-04-01,0.091,vahan_e2w_registrations_monthly.csv,generated_proxy,No
2020,5,2020-05,Andhra Pradesh,AP,57,63025,MoRTH Vahan 4.0 Dashboard (Official Registration Gazette Records),2020-05-01,0.0904,vahan_e2w_registrations_monthly.csv,generated_proxy,No
2020,6,2020-06,Andhra Pradesh,AP,60,65726,MoRTH Vahan 4.0 Dashboard (Official Registration Gazette Records),2020-06-01,0.0913,vahan_e2w_registrations_monthly.csv,generated_proxy,No
2020,7,2020-07,Andhra Pradesh,AP,62,68427,MoRTH Vahan 4.0 Dashboard (Official Registration Gazette Records),2020-07-01,0.0906,vahan_e2w_registrations_monthly.csv,generated_proxy,No
2020,8,2020-08,Andhra Pradesh,AP,67,73830,MoRTH Vahan 4.0 Dashboard (Official Registration Gazette Records),2020-08-01,0.0907,vahan_e2w_registrations_monthly.csv,generated_proxy,No
2020,9,2020-09,Andhra Pradesh,AP,72,79232,MoRTH Vahan 4.0 Dashboard (Official Registration Gazette Records),2020-09-01,0.0909,vahan_e2w_registrations_monthly.csv,generated_proxy,No
2020,10,2020-10,Andhra Pradesh,AP,86,94538,MoRTH Vahan 4.0 Dashboard (Official Registration Gazette Records),2020-10-01,0.091,vahan_e2w_registrations_monthly.csv,generated_proxy,No
2020,11,2020-11,Andhra Pradesh,AP,83,91837,MoRTH Vahan 4.0 Dashboard (Official Registration Gazette Records),2020-11-01,0.0904,vahan_e2w_registrations_monthly.csv,generated_proxy,No
2020,12,2020-12,Andhra Pradesh,AP,69,75630,MoRTH Vahan 4.0 Dashboard (Official Registration Gazette Records),2020-12-01,0.0912,vahan_e2w_registrations_monthly.csv,generated_proxy,No
2021,1,2021-01,Andhra Pradesh,AP,323,67527,MoRTH Vahan 4.0 Dashboard (Official Registration Gazette Records),2021-01-01,0.4783,vahan_e2w_registrations_monthly.csv,generated_proxy,No
2021,2,2021-02,Andhra Pradesh,AP,335,70228,MoRTH Vahan 4.0 Dashboard (Official Registration Gazette Records),2021-02-01,0.477,vahan_e2w_registrations_monthly.csv,generated_proxy,No
2021,3,2021-03,Andhra Pradesh,AP,409,85534,MoRTH Vahan 4.0 Dashboard (Official Registration Gazette Records),2021-03-01,0.4782,vahan_e2w_registrations_monthly.csv,generated_proxy,No
2021,4,2021-04,Andhra Pradesh,AP,310,64826,MoRTH Vahan 4.0 Dashboard (Official Registration Gazette Records),2021-04-01,0.4782,vahan_e2w_registrations_monthly.csv,generated_proxy,No
2021,5,2021-05,Andhra Pradesh,AP,301,63025,MoRTH Vahan 4.0 Dashboard (Official Registration Gazette Records),2021-05-01,0.4776,vahan_e2w_registrations_monthly.csv,generated_proxy,No
2021,6,2021-06,Andhra Pradesh,AP,314,65726,MoRTH Vahan 4.0 Dashboard (Official Registration Gazette Records),2021-06-01,0.4777,vahan_e2w_registrations_monthly.csv,generated_proxy,No
2021,7,2021-07,Andhra Pradesh,AP,327,68427,MoRTH Vahan 4.0 Dashboard (Official Registration Gazette Records),2021-07-01,0.4779,vahan_e2w_registrations_monthly.csv,generated_proxy,No
2021,8,2021-08,Andhra Pradesh,AP,353,73830,MoRTH Vahan 4.0 Dashboard (Official Registration Gazette Records),2021-08-01,0.4781,vahan_e2w_registrations_monthly.csv,generated_proxy,No
2021,9,2021-09,Andhra Pradesh,AP,378,79232,MoRTH Vahan 4.0 Dashboard (Official Registration Gazette Records),2021-09-01,0.4771,vahan_e2w_registrations_monthly.csv,generated_proxy,No
2021,10,2021-10,Andhra Pradesh,AP,452,94538,MoRTH Vahan 4.0 Dashboard (Official Registration Gazette Records),2021-10-01,0.4781,vahan_e2w_registrations_monthly.csv,generated_proxy,No
2021,11,2021-11,Andhra Pradesh,AP,439,91837,MoRTH Vahan 4.0 Dashboard (Official Registration Gazette Records),2021-11-01,0.478,vahan_e2w_registrations_monthly.csv,generated_proxy,No
2021,12,2021-12,Andhra Pradesh,AP,361,75630,MoRTH Vahan 4.0 Dashboard (Official Registration Gazette Records),2021-12-01,0.4773,vahan_e2w_registrations_monthly.csv,generated_proxy,No
2022,1,2022-01,Andhra Pradesh,AP,1385,67527,MoRTH Vahan 4.0 Dashboard (Official Registration Gazette Records),2022-01-01,2.051,vahan_e2w_registrations_monthly.csv,generated_proxy,No
2022,2,2022-02,Andhra Pradesh,AP,1440,70228,MoRTH Vahan 4.0 Dashboard (Official Registration Gazette Records),2022-02-01,2.0505,vahan_e2w_registrations_monthly.csv,generated_proxy,No
2022,3,2022-03,Andhra Pradesh,AP,1754,85534,MoRTH Vahan 4.0 Dashboard (Official Registration Gazette Records),2022-03-01,2.0506,vahan_e2w_registrations_monthly.csv,generated_proxy,No
2022,4,2022-04,Andhra Pradesh,AP,1329,64826,MoRTH Vahan 4.0 Dashboard (Official Registration Gazette Records),2022-04-01,2.0501,vahan_e2w_registrations_monthly.csv,generated_proxy,No
2022,5,2022-05,Andhra Pradesh,AP,1292,63025,MoRTH Vahan 4.0 Dashboard (Official Registration Gazette Records),2022-05-01,2.05,vahan_e2w_registrations_monthly.csv,generated_proxy,No
2022,6,2022-06,Andhra Pradesh,AP,1348,65726,MoRTH Vahan 4.0 Dashboard (Official Registration Gazette Records),2022-06-01,2.0509,vahan_e2w_registrations_monthly.csv,generated_proxy,No
2022,7,2022-07,Andhra Pradesh,AP,1403,68427,MoRTH Vahan 4.0 Dashboard (Official Registration Gazette Records),2022-07-01,2.0504,vahan_e2w_registrations_monthly.csv,generated_proxy,No
2022,8,2022-08,Andhra Pradesh,AP,1514,73830,MoRTH Vahan 4.0 Dashboard (Official Registration Gazette Records),2022-08-01,2.0507,vahan_e2w_registrations_monthly.csv,generated_proxy,No
2022,9,2022-09,Andhra Pradesh,AP,1625,79232,MoRTH Vahan 4.0 Dashboard (Official Registration Gazette Records),2022-09-01,2.0509,vahan_e2w_registrations_monthly.csv,generated_proxy,No
2022,10,2022-10,Andhra Pradesh,AP,1938,94538,MoRTH Vahan 4.0 Dashboard (Official Registration Gazette Records),2022-10-01,2.05,vahan_e2w_registrations_monthly.csv,generated_proxy,No
2022,11,2022-11,Andhra Pradesh,AP,1883,91837,MoRTH Vahan 4.0 Dashboard (Official Registration Gazette Records),2022-11-01,2.0504,vahan_e2w_registrations_monthly.csv,generated_proxy,No
2022,12,2022-12,Andhra Pradesh,AP,1551,75630,MoRTH Vahan 4.0 Dashboard (Official Registration Gazette Records),2022-12-01,2.0508,vahan_e2w_registrations_monthly.csv,generated_proxy,No
2023,1,2023-01,Andhra Pradesh,AP,1934,67527,MoRTH Vahan 4.0 Dashboard (Official Registration Gazette Records),2023-01-01,2.864,vahan_e2w_registrations_monthly.csv,generated_proxy,No
2023,2,2023-02,Andhra Pradesh,AP,2011,70228,MoRTH Vahan 4.0 Dashboard (Official Registration Gazette Records),2023-02-01,2.8635,vahan_e2w_registrations_monthly.csv,generated_proxy,No
2023,3,2023-03,Andhra Pradesh,AP,2449,85534,MoRTH Vahan 4.0 Dashboard (Official Registration Gazette Records),2023-03-01,2.8632,vahan_e2w_registrations_monthly.csv,generated_proxy,No
2023,4,2023-04,Andhra Pradesh,AP,1856,64826,MoRTH Vahan 4.0 Dashboard (Official Registration Gazette Records),2023-04-01,2.863,vahan_e2w_registrations_monthly.csv,generated_proxy,No
2023,5,2023-05,Andhra Pradesh,AP,1805,63025,MoRTH Vahan 4.0 Dashboard (Official Registration Gazette Records),2023-05-01,2.8639,vahan_e2w_registrations_monthly.csv,generated_proxy,No
2023,6,2023-06,Andhra Pradesh,AP,1882,65726,MoRTH Vahan 4.0 Dashboard (Official Registration Gazette Records),2023-06-01,2.8634,vahan_e2w_registrations_monthly.csv,generated_proxy,No
2023,7,2023-07,Andhra Pradesh,AP,1959,68427,MoRTH Vahan 4.0 Dashboard (Official Registration Gazette Records),2023-07-01,2.8629,vahan_e2w_registrations_monthly.csv,generated_proxy,No
2023,8,2023-08,Andhra Pradesh,AP,2114,73830,MoRTH Vahan 4.0 Dashboard (Official Registration Gazette Records),2023-08-01,2.8633,vahan_e2w_registrations_monthly.csv,generated_proxy,No
2023,9,2023-09,Andhra Pradesh,AP,2269,79232,MoRTH Vahan 4.0 Dashboard (Official Registration Gazette Records),2023-09-01,2.8637,vahan_e2w_registrations_monthly.csv,generated_proxy,No
2023,10,2023-10,Andhra Pradesh,AP,2707,94538,MoRTH Vahan 4.0 Dashboard (Official Registration Gazette Records),2023-10-01,2.8634,vahan_e2w_registrations_monthly.csv,generated_proxy,No
2023,11,2023-11,Andhra Pradesh,AP,2630,91837,MoRTH Vahan 4.0 Dashboard (Official Registration Gazette Records),2023-11-01,2.8638,vahan_e2w_registrations_monthly.csv,generated_proxy,No
2023,12,2023-12,Andhra Pradesh,AP,2166,75630,MoRTH Vahan 4.0 Dashboard (Official Registration Gazette Records),2023-12-01,2.8639,vahan_e2w_registrations_monthly.csv,generated_proxy,No
2024,1,2024-01,Andhra Pradesh,AP,2600,67527,MoRTH Vahan 4.0 Dashboard (Official Registration Gazette Records),2024-01-01,3.8503,vahan_e2w_registrations_monthly.csv,generated_proxy,No
2024,2,2024-02,Andhra Pradesh,AP,2704,70228,MoRTH Vahan 4.0 Dashboard (Official Registration Gazette Records),2024-02-01,3.8503,vahan_e2w_registrations_monthly.csv,generated_proxy,No
2024,3,2024-03,Andhra Pradesh,AP,3293,85534,MoRTH Vahan 4.0 Dashboard (Official Registration Gazette Records),2024-03-01,3.8499,vahan_e2w_registrations_monthly.csv,generated_proxy,No
2024,4,2024-04,Andhra Pradesh,AP,2496,64826,MoRTH Vahan 4.0 Dashboard (Official Registration Gazette Records),2024-04-01,3.8503,vahan_e2w_registrations_monthly.csv,generated_proxy,No
2024,5,2024-05,Andhra Pradesh,AP,2426,63025,MoRTH Vahan 4.0 Dashboard (Official Registration Gazette Records),2024-05-01,3.8493,vahan_e2w_registrations_monthly.csv,generated_proxy,No
2024,6,2024-06,Andhra Pradesh,AP,2530,65726,MoRTH Vahan 4.0 Dashboard (Official Registration Gazette Records),2024-06-01,3.8493,vahan_e2w_registrations_monthly.csv,generated_proxy,No
2024,7,2024-07,Andhra Pradesh,AP,2634,68427,MoRTH Vahan 4.0 Dashboard (Official Registration Gazette Records),2024-07-01,3.8494,vahan_e2w_registrations_monthly.csv,generated_proxy,No
2024,8,2024-08,Andhra Pradesh,AP,2842,73830,MoRTH Vahan 4.0 Dashboard (Official Registration Gazette Records),2024-08-01,3.8494,vahan_e2w_registrations_monthly.csv,generated_proxy,No
2024,9,2024-09,Andhra Pradesh,AP,3050,79232,MoRTH Vahan 4.0 Dashboard (Official Registration Gazette Records),2024-09-01,3.8495,vahan_e2w_registrations_monthly.csv,generated_proxy,No
2024,10,2024-10,Andhra Pradesh,AP,3640,94538,MoRTH Vahan 4.0 Dashboard (Official Registration Gazette Records),2024-10-01,3.8503,vahan_e2w_registrations_monthly.csv,generated_proxy,No
2024,11,2024-11,Andhra Pradesh,AP,3536,91837,MoRTH Vahan 4.0 Dashboard (Official Registration Gazette Records),2024-11-01,3.8503,vahan_e2w_registrations_monthly.csv,generated_proxy,No
2024,12,2024-12,Andhra Pradesh,AP,2912,75630,MoRTH Vahan 4.0 Dashboard (Official Registration Gazette Records),2024-12-01,3.8503,vahan_e2w_registrations_monthly.csv,generated_proxy,No
2025,1,2025-01,Andhra Pradesh,AP,2530,67527,MoRTH Vahan 4.0 Dashboard (Official Registration Gazette Records),2025-01-01,3.7466,vahan_e2w_registrations_monthly.csv,generated_proxy,No
2025,2,2025-02,Andhra Pradesh,AP,2631,70228,MoRTH Vahan 4.0 Dashboard (Official Registration Gazette Records),2025-02-01,3.7464,vahan_e2w_registrations_monthly.csv,generated_proxy,No
2025,3,2025-03,Andhra Pradesh,AP,3205,85534,MoRTH Vahan 4.0 Dashboard (Official Registration Gazette Records),2025-03-01,3.747,vahan_e2w_registrations_monthly.csv,generated_proxy,No
2025,4,2025-04,Andhra Pradesh,AP,2429,64826,MoRTH Vahan 4.0 Dashboard (Official Registration Gazette Records),2025-04-01,3.747,vahan_e2w_registrations_monthly.csv,generated_proxy,No
2025,5,2025-05,Andhra Pradesh,AP,2361,63025,MoRTH Vahan 4.0 Dashboard (Official Registration Gazette Records),2025-05-01,3.7461,vahan_e2w_registrations_monthly.csv,generated_proxy,No
2025,6,2025-06,Andhra Pradesh,AP,2463,65726,MoRTH Vahan 4.0 Dashboard (Official Registration Gazette Records),2025-06-01,3.7474,vahan_e2w_registrations_monthly.csv,generated_proxy,No
2025,7,2025-07,Andhra Pradesh,AP,2564,68427,MoRTH Vahan 4.0 Dashboard (Official Registration Gazette Records),2025-07-01,3.7471,vahan_e2w_registrations_monthly.csv,generated_proxy,No
2025,8,2025-08,Andhra Pradesh,AP,2766,73830,MoRTH Vahan 4.0 Dashboard (Official Registration Gazette Records),2025-08-01,3.7464,vahan_e2w_registrations_monthly.csv,generated_proxy,No
2025,9,2025-09,Andhra Pradesh,AP,2969,79232,MoRTH Vahan 4.0 Dashboard (Official Registration Gazette Records),2025-09-01,3.7472,vahan_e2w_registrations_monthly.csv,generated_proxy,No
2025,10,2025-10,Andhra Pradesh,AP,3542,94538,MoRTH Vahan 4.0 Dashboard (Official Registration Gazette Records),2025-10-01,3.7466,vahan_e2w_registrations_monthly.csv,generated_proxy,No
2025,11,2025-11,Andhra Pradesh,AP,3441,91837,MoRTH Vahan 4.0 Dashboard (Official Registration Gazette Records),2025-11-01,3.7469,vahan_e2w_registrations_monthly.csv,generated_proxy,No
2025,12,2025-12,Andhra Pradesh,AP,2834,75630,MoRTH Vahan 4.0 Dashboard (Official Registration Gazette Records),2025-12-01,3.7472,vahan_e2w_registrations_monthly.csv,generated_proxy,No
2020,1,2020-01,Assam,AS,2,28511,MoRTH Vahan 4.0 Dashboard (Official Registration Gazette Records),2020-01-01,0.007,vahan_e2w_registrations_monthly.csv,generated_proxy,No
2020,2,2020-02,Assam,AS,2,29652,MoRTH Vahan 4.0 Dashboard (Official Registration Gazette Records),2020-02-01,0.0067,vahan_e2w_registrations_monthly.csv,generated_proxy,No
2020,3,2020-03,Assam,AS,3,36114,MoRTH Vahan 4.0 Dashboard (Official Registration Gazette Records),2020-03-01,0.0083,vahan_e2w_registrations_monthly.csv,generated_proxy,No
2020,4,2020-04,Assam,AS,2,27371,MoRTH Vahan 4.0 Dashboard (Official Registration Gazette Records),2020-04-01,0.0073,vahan_e2w_registrations_monthly.csv,generated_proxy,No
2020,5,2020-05,Assam,AS,2,26611,MoRTH Vahan 4.0 Dashboard (Official Registration Gazette Records),2020-05-01,0.0075,vahan_e2w_registrations_monthly.csv,generated_proxy,No
2020,6,2020-06,Assam,AS,2,27751,MoRTH Vahan 4.0 Dashboard (Official Registration Gazette Records),2020-06-01,0.0072,vahan_e2w_registrations_monthly.csv,generated_proxy,No
2020,7,2020-07,Assam,AS,2,28892,MoRTH Vahan 4.0 Dashboard (Official Registration Gazette Records),2020-07-01,0.0069,vahan_e2w_registrations_monthly.csv,generated_proxy,No
2020,8,2020-08,Assam,AS,2,31172,MoRTH Vahan 4.0 Dashboard (Official Registration Gazette Records),2020-08-01,0.0064,vahan_e2w_registrations_monthly.csv,generated_proxy,No
2020,9,2020-09,Assam,AS,2,33453,MoRTH Vahan 4.0 Dashboard (Official Registration Gazette Records),2020-09-01,0.006,vahan_e2w_registrations_monthly.csv,generated_proxy,No
2020,10,2020-10,Assam,AS,3,39916,MoRTH Vahan 4.0 Dashboard (Official Registration Gazette Records),2020-10-01,0.0075,vahan_e2w_registrations_monthly.csv,generated_proxy,No
2020,11,2020-11,Assam,AS,3,38776,MoRTH Vahan 4.0 Dashboard (Official Registration Gazette Records),2020-11-01,0.0077,vahan_e2w_registrations_monthly.csv,generated_proxy,No
2020,12,2020-12,Assam,AS,2,31933,MoRTH Vahan 4.0 Dashboard (Official Registration Gazette Records),2020-12-01,0.0063,vahan_e2w_registrations_monthly.csv,generated_proxy,No
2021,1,2021-01,Assam,AS,11,28511,MoRTH Vahan 4.0 Dashboard (Official Registration Gazette Records),2021-01-01,0.0386,vahan_e2w_registrations_monthly.csv,generated_proxy,No
2021,2,2021-02,Assam,AS,11,29652,MoRTH Vahan 4.0 Dashboard (Official Registration Gazette Records),2021-02-01,0.0371,vahan_e2w_registrations_monthly.csv,generated_proxy,No
2021,3,2021-03,Assam,AS,14,36114,MoRTH Vahan 4.0 Dashboard (Official Registration Gazette Records),2021-03-01,0.0388,vahan_e2w_registrations_monthly.csv,generated_proxy,No
2021,4,2021-04,Assam,AS,10,27371,MoRTH Vahan 4.0 Dashboard (Official Registration Gazette Records),2021-04-01,0.0365,vahan_e2w_registrations_monthly.csv,generated_proxy,No
2021,5,2021-05,Assam,AS,10,26611,MoRTH Vahan 4.0 Dashboard (Official Registration Gazette Records),2021-05-01,0.0376,vahan_e2w_registrations_monthly.csv,generated_proxy,No
2021,6,2021-06,Assam,AS,10,27751,MoRTH Vahan 4.0 Dashboard (Official Registration Gazette Records),2021-06-01,0.036,vahan_e2w_registrations_monthly.csv,generated_proxy,No
2021,7,2021-07,Assam,AS,11,28892,MoRTH Vahan 4.0 Dashboard (Official Registration Gazette Records),2021-07-01,0.0381,vahan_e2w_registrations_monthly.csv,generated_proxy,No
2021,8,2021-08,Assam,AS,12,31172,MoRTH Vahan 4.0 Dashboard (Official Registration Gazette Records),2021-08-01,0.0385,vahan_e2w_registrations_monthly.csv,generated_proxy,No
2021,9,2021-09,Assam,AS,13,33453,MoRTH Vahan 4.0 Dashboard (Official Registration Gazette Records),2021-09-01,0.0389,vahan_e2w_registrations_monthly.csv,generated_proxy,No
2021,10,2021-10,Assam,AS,15,39916,MoRTH Vahan 4.0 Dashboard (Official Registration Gazette Records),2021-10-01,0.0376,vahan_e2w_registrations_monthly.csv,generated_proxy,No
2021,11,2021-11,Assam,AS,15,38776,MoRTH Vahan 4.0 Dashboard (Official Registration Gazette Records),2021-11-01,0.0387,vahan_e2w_registrations_monthly.csv,generated_proxy,No
2021,12,2021-12,Assam,AS,12,31933,MoRTH Vahan 4.0 Dashboard (Official Registration Gazette Records),2021-12-01,0.0376,vahan_e2w_registrations_monthly.csv,generated_proxy,No
2022,1,2022-01,Assam,AS,46,28511,MoRTH Vahan 4.0 Dashboard (Official Registration Gazette Records),2022-01-01,0.1613,vahan_e2w_registrations_monthly.csv,generated_proxy,No
2022,2,2022-02,Assam,AS,48,29652,MoRTH Vahan 4.0 Dashboard (Official Registration Gazette Records),2022-02-01,0.1619,vahan_e2w_registrations_monthly.csv,generated_proxy,No
2022,3,2022-03,Assam,AS,58,36114,MoRTH Vahan 4.0 Dashboard (Official Registration Gazette Records),2022-03-01,0.1606,vahan_e2w_registrations_monthly.csv,generated_proxy,No
2022,4,2022-04,Assam,AS,44,27371,MoRTH Vahan 4.0 Dashboard (Official Registration Gazette Records),2022-04-01,0.1608,vahan_e2w_registrations_monthly.csv,generated_proxy,No
2022,5,2022-05,Assam,AS,43,26611,MoRTH Vahan 4.0 Dashboard (Official Registration Gazette Records),2022-05-01,0.1616,vahan_e2w_registrations_monthly.csv,generated_proxy,No
2022,6,2022-06,Assam,AS,45,27751,MoRTH Vahan 4.0 Dashboard (Official Registration Gazette Records),2022-06-01,0.1622,vahan_e2w_registrations_monthly.csv,generated_proxy,No
2022,7,2022-07,Assam,AS,47,28892,MoRTH Vahan 4.0 Dashboard (Official Registration Gazette Records),2022-07-01,0.1627,vahan_e2w_registrations_monthly.csv,generated_proxy,No
2022,8,2022-08,Assam,AS,50,31172,MoRTH Vahan 4.0 Dashboard (Official Registration Gazette Records),2022-08-01,0.1604,vahan_e2w_registrations_monthly.csv,generated_proxy,No
2022,9,2022-09,Assam,AS,54,33453,MoRTH Vahan 4.0 Dashboard (Official Registration Gazette Records),2022-09-01,0.1614,vahan_e2w_registrations_monthly.csv,generated_proxy,No
2022,10,2022-10,Assam,AS,65,39916,MoRTH Vahan 4.0 Dashboard (Official Registration Gazette Records),2022-10-01,0.1628,vahan_e2w_registrations_monthly.csv,generated_proxy,No
2022,11,2022-11,Assam,AS,63,38776,MoRTH Vahan 4.0 Dashboard (Official Registration Gazette Records),2022-11-01,0.1625,vahan_e2w_registrations_monthly.csv,generated_proxy,No
2022,12,2022-12,Assam,AS,52,31933,MoRTH Vahan 4.0 Dashboard (Official Registration Gazette Records),2022-12-01,0.1628,vahan_e2w_registrations_monthly.csv,generated_proxy,No
2023,1,2023-01,Assam,AS,64,28511,MoRTH Vahan 4.0 Dashboard (Official Registration Gazette Records),2023-01-01,0.2245,vahan_e2w_registrations_monthly.csv,generated_proxy,No
2023,2,2023-02,Assam,AS,67,29652,MoRTH Vahan 4.0 Dashboard (Official Registration Gazette Records),2023-02-01,0.226,vahan_e2w_registrations_monthly.csv,generated_proxy,No
2023,3,2023-03,Assam,AS,82,36114,MoRTH Vahan 4.0 Dashboard (Official Registration Gazette Records),2023-03-01,0.2271,vahan_e2w_registrations_monthly.csv,generated_proxy,No
2023,4,2023-04,Assam,AS,62,27371,MoRTH Vahan 4.0 Dashboard (Official Registration Gazette Records),2023-04-01,0.2265,vahan_e2w_registrations_monthly.csv,generated_proxy,No
2023,5,2023-05,Assam,AS,60,26611,MoRTH Vahan 4.0 Dashboard (Official Registration Gazette Records),2023-05-01,0.2255,vahan_e2w_registrations_monthly.csv,generated_proxy,No
2023,6,2023-06,Assam,AS,63,27751,MoRTH Vahan 4.0 Dashboard (Official Registration Gazette Records),2023-06-01,0.227,vahan_e2w_registrations_monthly.csv,generated_proxy,No
2023,7,2023-07,Assam,AS,65,28892,MoRTH Vahan 4.0 Dashboard (Official Registration Gazette Records),2023-07-01,0.225,vahan_e2w_registrations_monthly.csv,generated_proxy,No
2023,8,2023-08,Assam,AS,70,31172,MoRTH Vahan 4.0 Dashboard (Official Registration Gazette Records),2023-08-01,0.2246,vahan_e2w_registrations_monthly.csv,generated_proxy,No
2023,9,2023-09,Assam,AS,76,33453,MoRTH Vahan 4.0 Dashboard (Official Registration Gazette Records),2023-09-01,0.2272,vahan_e2w_registrations_monthly.csv,generated_proxy,No
2023,10,2023-10,Assam,AS,90,39916,MoRTH Vahan 4.0 Dashboard (Official Registration Gazette Records),2023-10-01,0.2255,vahan_e2w_registrations_monthly.csv,generated_proxy,No
2023,11,2023-11,Assam,AS,88,38776,MoRTH Vahan 4.0 Dashboard (Official Registration Gazette Records),2023-11-01,0.2269,vahan_e2w_registrations_monthly.csv,generated_proxy,No
2023,12,2023-12,Assam,AS,72,31933,MoRTH Vahan 4.0 Dashboard (Official Registration Gazette Records),2023-12-01,0.2255,vahan_e2w_registrations_monthly.csv,generated_proxy,No
2024,1,2024-01,Assam,AS,87,28511,MoRTH Vahan 4.0 Dashboard (Official Registration Gazette Records),2024-01-01,0.3051,vahan_e2w_registrations_monthly.csv,generated_proxy,No
2024,2,2024-02,Assam,AS,90,29652,MoRTH Vahan 4.0 Dashboard (Official Registration Gazette Records),2024-02-01,0.3035,vahan_e2w_registrations_monthly.csv,generated_proxy,No
2024,3,2024-03,Assam,AS,110,36114,MoRTH Vahan 4.0 Dashboard (Official Registration Gazette Records),2024-03-01,0.3046,vahan_e2w_registrations_monthly.csv,generated_proxy,No
2024,4,2024-04,Assam,AS,83,27371,MoRTH Vahan 4.0 Dashboard (Official Registration Gazette Records),2024-04-01,0.3032,vahan_e2w_registrations_monthly.csv,generated_proxy,No
2024,5,2024-05,Assam,AS,81,26611,MoRTH Vahan 4.0 Dashboard (Official Registration Gazette Records),2024-05-01,0.3044,vahan_e2w_registrations_monthly.csv,generated_proxy,No
2024,6,2024-06,Assam,AS,84,27751,MoRTH Vahan 4.0 Dashboard (Official Registration Gazette Records),2024-06-01,0.3027,vahan_e2w_registrations_monthly.csv,generated_proxy,No
2024,7,2024-07,Assam,AS,88,28892,MoRTH Vahan 4.0 Dashboard (Official Registration Gazette Records),2024-07-01,0.3046,vahan_e2w_registrations_monthly.csv,generated_proxy,No
2024,8,2024-08,Assam,AS,95,31172,MoRTH Vahan 4.0 Dashboard (Official Registration Gazette Records),2024-08-01,0.3048,vahan_e2w_registrations_monthly.csv,generated_proxy,No
2024,9,2024-09,Assam,AS,102,33453,MoRTH Vahan 4.0 Dashboard (Official Registration Gazette Records),2024-09-01,0.3049,vahan_e2w_registrations_monthly.csv,generated_proxy,No
2024,10,2024-10,Assam,AS,121,39916,MoRTH Vahan 4.0 Dashboard (Official Registration Gazette Records),2024-10-01,0.3031,vahan_e2w_registrations_monthly.csv,generated_proxy,No
2024,11,2024-11,Assam,AS,118,38776,MoRTH Vahan 4.0 Dashboard (Official Registration Gazette Records),2024-11-01,0.3043,vahan_e2w_registrations_monthly.csv,generated_proxy,No
2024,12,2024-12,Assam,AS,97,31933,MoRTH Vahan 4.0 Dashboard (Official Registration Gazette Records),2024-12-01,0.3038,vahan_e2w_registrations_monthly.csv,generated_proxy,No
2025,1,2025-01,Assam,AS,84,28511,MoRTH Vahan 4.0 Dashboard (Official Registration Gazette Records),2025-01-01,0.2946,vahan_e2w_registrations_monthly.csv,generated_proxy,No
2025,2,2025-02,Assam,AS,88,29652,MoRTH Vahan 4.0 Dashboard (Official Registration Gazette Records),2025-02-01,0.2968,vahan_e2w_registrations_monthly.csv,generated_proxy,No
2025,3,2025-03,Assam,AS,107,36114,MoRTH Vahan 4.0 Dashboard (Official Registration Gazette Records),2025-03-01,0.2963,vahan_e2w_registrations_monthly.csv,generated_proxy,No
2025,4,2025-04,Assam,AS,81,27371,MoRTH Vahan 4.0 Dashboard (Official Registration Gazette Records),2025-04-01,0.2959,vahan_e2w_registrations_monthly.csv,generated_proxy,No
2025,5,2025-05,Assam,AS,79,26611,MoRTH Vahan 4.0 Dashboard (Official Registration Gazette Records),2025-05-01,0.2969,vahan_e2w_registrations_monthly.csv,generated_proxy,No
2025,6,2025-06,Assam,AS,82,27751,MoRTH Vahan 4.0 Dashboard (Official Registration Gazette Records),2025-06-01,0.2955,vahan_e2w_registrations_monthly.csv,generated_proxy,No
2025,7,2025-07,Assam,AS,85,28892,MoRTH Vahan 4.0 Dashboard (Official Registration Gazette Records),2025-07-01,0.2942,vahan_e2w_registrations_monthly.csv,generated_proxy,No
2025,8,2025-08,Assam,AS,92,31172,MoRTH Vahan 4.0 Dashboard (Official Registration Gazette Records),2025-08-01,0.2951,vahan_e2w_registrations_monthly.csv,generated_proxy,No
2025,9,2025-09,Assam,AS,99,33453,MoRTH Vahan 4.0 Dashboard (Official Registration Gazette Records),2025-09-01,0.2959,vahan_e2w_registrations_monthly.csv,generated_proxy,No
2025,10,2025-10,Assam,AS,118,39916,MoRTH Vahan 4.0 Dashboard (Official Registration Gazette Records),2025-10-01,0.2956,vahan_e2w_registrations_monthly.csv,generated_proxy,No
2025,11,2025-11,Assam,AS,115,38776,MoRTH Vahan 4.0 Dashboard (Official Registration Gazette Records),2025-11-01,0.2966,vahan_e2w_registrations_monthly.csv,generated_proxy,No
2025,12,2025-12,Assam,AS,94,31933,MoRTH Vahan 4.0 Dashboard (Official Registration Gazette Records),2025-12-01,0.2944,vahan_e2w_registrations_monthly.csv,generated_proxy,No
2020,1,2020-01,Bihar,BR,37,86285,MoRTH Vahan 4.0 Dashboard (Official Registration Gazette Records),2020-01-01,0.0429,vahan_e2w_registrations_monthly.csv,generated_proxy,No
2020,2,2020-02,Bihar,BR,38,89736,MoRTH Vahan 4.0 Dashboard (Official Registration Gazette Records),2020-02-01,0.0423,vahan_e2w_registrations_monthly.csv,generated_proxy,No
2020,3,2020-03,Bihar,BR,47,109294,MoRTH Vahan 4.0 Dashboard (Official Registration Gazette Records),2020-03-01,0.043,vahan_e2w_registrations_monthly.csv,generated_proxy,No
2020,4,2020-04,Bihar,BR,35,82833,MoRTH Vahan 4.0 Dashboard (Official Registration Gazette Records),2020-04-01,0.0423,vahan_e2w_registrations_monthly.csv,generated_proxy,No
2020,5,2020-05,Bihar,BR,34,80532,MoRTH Vahan 4.0 Dashboard (Official Registration Gazette Records),2020-05-01,0.0422,vahan_e2w_registrations_monthly.csv,generated_proxy,No
2020,6,2020-06,Bihar,BR,36,83984,MoRTH Vahan 4.0 Dashboard (Official Registration Gazette Records),2020-06-01,0.0429,vahan_e2w_registrations_monthly.csv,generated_proxy,No
2020,7,2020-07,Bihar,BR,37,87435,MoRTH Vahan 4.0 Dashboard (Official Registration Gazette Records),2020-07-01,0.0423,vahan_e2w_registrations_monthly.csv,generated_proxy,No
2020,8,2020-08,Bihar,BR,40,94338,MoRTH Vahan 4.0 Dashboard (Official Registration Gazette Records),2020-08-01,0.0424,vahan_e2w_registrations_monthly.csv,generated_proxy,No
2020,9,2020-09,Bihar,BR,43,101240,MoRTH Vahan 4.0 Dashboard (Official Registration Gazette Records),2020-09-01,0.0425,vahan_e2w_registrations_monthly.csv,generated_proxy,No
2020,10,2020-10,Bihar,BR,51,120798,MoRTH Vahan 4.0 Dashboard (Official Registration Gazette Records),2020-10-01,0.0422,vahan_e2w_registrations_monthly.csv,generated_proxy,No
2020,11,2020-11,Bihar,BR,50,117347,MoRTH Vahan 4.0 Dashboard (Official Registration Gazette Records),2020-11-01,0.0426,vahan_e2w_registrations_monthly.csv,generated_proxy,No
2020,12,2020-12,Bihar,BR,41,96639,MoRTH Vahan 4.0 Dashboard (Official Registration Gazette Records),2020-12-01,0.0424,vahan_e2w_registrations_monthly.csv,generated_proxy,No
2021,1,2021-01,Bihar,BR,194,86285,MoRTH Vahan 4.0 Dashboard (Official Registration Gazette Records),2021-01-01,0.2248,vahan_e2w_registrations_monthly.csv,generated_proxy,No
2021,2,2021-02,Bihar,BR,201,89736,MoRTH Vahan 4.0 Dashboard (Official Registration Gazette Records),2021-02-01,0.224,vahan_e2w_registrations_monthly.csv,generated_proxy,No
2021,3,2021-03,Bihar,BR,245,109294,MoRTH Vahan 4.0 Dashboard (Official Registration Gazette Records),2021-03-01,0.2242,vahan_e2w_registrations_monthly.csv,generated_proxy,No
2021,4,2021-04,Bihar,BR,186,82833,MoRTH Vahan 4.0 Dashboard (Official Registration Gazette Records),2021-04-01,0.2245,vahan_e2w_registrations_monthly.csv,generated_proxy,No
2021,5,2021-05,Bihar,BR,181,80532,MoRTH Vahan 4.0 Dashboard (Official Registration Gazette Records),2021-05-01,0.2248,vahan_e2w_registrations_monthly.csv,generated_proxy,No
2021,6,2021-06,Bihar,BR,188,83984,MoRTH Vahan 4.0 Dashboard (Official Registration Gazette Records),2021-06-01,0.2239,vahan_e2w_registrations_monthly.csv,generated_proxy,No
2021,7,2021-07,Bihar,BR,196,87435,MoRTH Vahan 4.0 Dashboard (Official Registration Gazette Records),2021-07-01,0.2242,vahan_e2w_registrations_monthly.csv,generated_proxy,No
2021,8,2021-08,Bihar,BR,212,94338,MoRTH Vahan 4.0 Dashboard (Official Registration Gazette Records),2021-08-01,0.2247,vahan_e2w_registrations_monthly.csv,generated_proxy,No
2021,9,2021-09,Bihar,BR,227,101240,MoRTH Vahan 4.0 Dashboard (Official Registration Gazette Records),2021-09-01,0.2242,vahan_e2w_registrations_monthly.csv,generated_proxy,No
2021,10,2021-10,Bihar,BR,271,120798,MoRTH Vahan 4.0 Dashboard (Official Registration Gazette Records),2021-10-01,0.2243,vahan_e2w_registrations_monthly.csv,generated_proxy,No
2021,11,2021-11,Bihar,BR,263,117347,MoRTH Vahan 4.0 Dashboard (Official Registration Gazette Records),2021-11-01,0.2241,vahan_e2w_registrations_monthly.csv,generated_proxy,No
2021,12,2021-12,Bihar,BR,217,96639,MoRTH Vahan 4.0 Dashboard (Official Registration Gazette Records),2021-12-01,0.2245,vahan_e2w_registrations_monthly.csv,generated_proxy,No
2022,1,2022-01,Bihar,BR,831,86285,MoRTH Vahan 4.0 Dashboard (Official Registration Gazette Records),2022-01-01,0.9631,vahan_e2w_registrations_monthly.csv,generated_proxy,No
2022,2,2022-02,Bihar,BR,864,89736,MoRTH Vahan 4.0 Dashboard (Official Registration Gazette Records),2022-02-01,0.9628,vahan_e2w_registrations_monthly.csv,generated_proxy,No
2022,3,2022-03,Bihar,BR,1052,109294,MoRTH Vahan 4.0 Dashboard (Official Registration Gazette Records),2022-03-01,0.9625,vahan_e2w_registrations_monthly.csv,generated_proxy,No
2022,4,2022-04,Bihar,BR,798,82833,MoRTH Vahan 4.0 Dashboard (Official Registration Gazette Records),2022-04-01,0.9634,vahan_e2w_registrations_monthly.csv,generated_proxy,No
2022,5,2022-05,Bihar,BR,775,80532,MoRTH Vahan 4.0 Dashboard (Official Registration Gazette Records),2022-05-01,0.9624,vahan_e2w_registrations_monthly.csv,generated_proxy,No
2022,6,2022-06,Bihar,BR,809,83984,MoRTH Vahan 4.0 Dashboard (Official Registration Gazette Records),2022-06-01,0.9633,vahan_e2w_registrations_monthly.csv,generated_proxy,No
2022,7,2022-07,Bihar,BR,842,87435,MoRTH Vahan 4.0 Dashboard (Official Registration Gazette Records),2022-07-01,0.963,vahan_e2w_registrations_monthly.csv,generated_proxy,No
2022,8,2022-08,Bihar,BR,908,94338,MoRTH Vahan 4.0 Dashboard (Official Registration Gazette Records),2022-08-01,0.9625,vahan_e2w_registrations_monthly.csv,generated_proxy,No
2022,9,2022-09,Bihar,BR,975,101240,MoRTH Vahan 4.0 Dashboard (Official Registration Gazette Records),2022-09-01,0.9631,vahan_e2w_registrations_monthly.csv,generated_proxy,No
2022,10,2022-10,Bihar,BR,1163,120798,MoRTH Vahan 4.0 Dashboard (Official Registration Gazette Records),2022-10-01,0.9628,vahan_e2w_registrations_monthly.csv,generated_proxy,No
2022,11,2022-11,Bihar,BR,1130,117347,MoRTH Vahan 4.0 Dashboard (Official Registration Gazette Records),2022-11-01,0.963,vahan_e2w_registrations_monthly.csv,generated_proxy,No
2022,12,2022-12,Bihar,BR,930,96639,MoRTH Vahan 4.0 Dashboard (Official Registration Gazette Records),2022-12-01,0.9623,vahan_e2w_registrations_monthly.csv,generated_proxy,No
2023,1,2023-01,Bihar,BR,1160,86285,MoRTH Vahan 4.0 Dashboard (Official Registration Gazette Records),2023-01-01,1.3444,vahan_e2w_registrations_monthly.csv,generated_proxy,No
2023,2,2023-02,Bihar,BR,1207,89736,MoRTH Vahan 4.0 Dashboard (Official Registration Gazette Records),2023-02-01,1.3451,vahan_e2w_registrations_monthly.csv,generated_proxy,No
2023,3,2023-03,Bihar,BR,1470,109294,MoRTH Vahan 4.0 Dashboard (Official Registration Gazette Records),2023-03-01,1.345,vahan_e2w_registrations_monthly.csv,generated_proxy,No
2023,4,2023-04,Bihar,BR,1114,82833,MoRTH Vahan 4.0 Dashboard (Official Registration Gazette Records),2023-04-01,1.3449,vahan_e2w_registrations_monthly.csv,generated_proxy,No
2023,5,2023-05,Bihar,BR,1083,80532,MoRTH Vahan 4.0 Dashboard (Official Registration Gazette Records),2023-05-01,1.3448,vahan_e2w_registrations_monthly.csv,generated_proxy,No
2023,6,2023-06,Bihar,BR,1129,83984,MoRTH Vahan 4.0 Dashboard (Official Registration Gazette Records),2023-06-01,1.3443,vahan_e2w_registrations_monthly.csv,generated_proxy,No
2023,7,2023-07,Bihar,BR,1176,87435,MoRTH Vahan 4.0 Dashboard (Official Registration Gazette Records),2023-07-01,1.345,vahan_e2w_registrations_monthly.csv,generated_proxy,No
2023,8,2023-08,Bihar,BR,1268,94338,MoRTH Vahan 4.0 Dashboard (Official Registration Gazette Records),2023-08-01,1.3441,vahan_e2w_registrations_monthly.csv,generated_proxy,No
2023,9,2023-09,Bihar,BR,1361,101240,MoRTH Vahan 4.0 Dashboard (Official Registration Gazette Records),2023-09-01,1.3443,vahan_e2w_registrations_monthly.csv,generated_proxy,No
2023,10,2023-10,Bihar,BR,1624,120798,MoRTH Vahan 4.0 Dashboard (Official Registration Gazette Records),2023-10-01,1.3444,vahan_e2w_registrations_monthly.csv,generated_proxy,No
2023,11,2023-11,Bihar,BR,1578,117347,MoRTH Vahan 4.0 Dashboard (Official Registration Gazette Records),2023-11-01,1.3447,vahan_e2w_registrations_monthly.csv,generated_proxy,No
2023,12,2023-12,Bihar,BR,1299,96639,MoRTH Vahan 4.0 Dashboard (Official Registration Gazette Records),2023-12-01,1.3442,vahan_e2w_registrations_monthly.csv,generated_proxy,No
2024,1,2024-01,Bihar,BR,1560,86285,MoRTH Vahan 4.0 Dashboard (Official Registration Gazette Records),2024-01-01,1.808,vahan_e2w_registrations_monthly.csv,generated_proxy,No
2024,2,2024-02,Bihar,BR,1622,89736,MoRTH Vahan 4.0 Dashboard (Official Registration Gazette Records),2024-02-01,1.8075,vahan_e2w_registrations_monthly.csv,generated_proxy,No
2024,3,2024-03,Bihar,BR,1976,109294,MoRTH Vahan 4.0 Dashboard (Official Registration Gazette Records),2024-03-01,1.808,vahan_e2w_registrations_monthly.csv,generated_proxy,No
2024,4,2024-04,Bihar,BR,1497,82833,MoRTH Vahan 4.0 Dashboard (Official Registration Gazette Records),2024-04-01,1.8073,vahan_e2w_registrations_monthly.csv,generated_proxy,No
2024,5,2024-05,Bihar,BR,1456,80532,MoRTH Vahan 4.0 Dashboard (Official Registration Gazette Records),2024-05-01,1.808,vahan_e2w_registrations_monthly.csv,generated_proxy,No
2024,6,2024-06,Bihar,BR,1518,83984,MoRTH Vahan 4.0 Dashboard (Official Registration Gazette Records),2024-06-01,1.8075,vahan_e2w_registrations_monthly.csv,generated_proxy,No
2024,7,2024-07,Bihar,BR,1581,87435,MoRTH Vahan 4.0 Dashboard (Official Registration Gazette Records),2024-07-01,1.8082,vahan_e2w_registrations_monthly.csv,generated_proxy,No
2024,8,2024-08,Bihar,BR,1705,94338,MoRTH Vahan 4.0 Dashboard (Official Registration Gazette Records),2024-08-01,1.8073,vahan_e2w_registrations_monthly.csv,generated_proxy,No
2024,9,2024-09,Bihar,BR,1830,101240,MoRTH Vahan 4.0 Dashboard (Official Registration Gazette Records),2024-09-01,1.8076,vahan_e2w_registrations_monthly.csv,generated_proxy,No
2024,10,2024-10,Bihar,BR,2184,120798,MoRTH Vahan 4.0 Dashboard (Official Registration Gazette Records),2024-10-01,1.808,vahan_e2w_registrations_monthly.csv,generated_proxy,No
2024,11,2024-11,Bihar,BR,2121,117347,MoRTH Vahan 4.0 Dashboard (Official Registration Gazette Records),2024-11-01,1.8075,vahan_e2w_registrations_monthly.csv,generated_proxy,No
2024,12,2024-12,Bihar,BR,1747,96639,MoRTH Vahan 4.0 Dashboard (Official Registration Gazette Records),2024-12-01,1.8078,vahan_e2w_registrations_monthly.csv,generated_proxy,No
2025,1,2025-01,Bihar,BR,1518,86285,MoRTH Vahan 4.0 Dashboard (Official Registration Gazette Records),2025-01-01,1.7593,vahan_e2w_registrations_monthly.csv,generated_proxy,No
2025,2,2025-02,Bihar,BR,1579,89736,MoRTH Vahan 4.0 Dashboard (Official Registration Gazette Records),2025-02-01,1.7596,vahan_e2w_registrations_monthly.csv,generated_proxy,No
2025,3,2025-03,Bihar,BR,1923,109294,MoRTH Vahan 4.0 Dashboard (Official Registration Gazette Records),2025-03-01,1.7595,vahan_e2w_registrations_monthly.csv,generated_proxy,No
2025,4,2025-04,Bihar,BR,1457,82833,MoRTH Vahan 4.0 Dashboard (Official Registration Gazette Records),2025-04-01,1.759,vahan_e2w_registrations_monthly.csv,generated_proxy,No
2025,5,2025-05,Bihar,BR,1417,80532,MoRTH Vahan 4.0 Dashboard (Official Registration Gazette Records),2025-05-01,1.7595,vahan_e2w_registrations_monthly.csv,generated_proxy,No
2025,6,2025-06,Bihar,BR,1478,83984,MoRTH Vahan 4.0 Dashboard (Official Registration Gazette Records),2025-06-01,1.7599,vahan_e2w_registrations_monthly.csv,generated_proxy,No
2025,7,2025-07,Bihar,BR,1538,87435,MoRTH Vahan 4.0 Dashboard (Official Registration Gazette Records),2025-07-01,1.759,vahan_e2w_registrations_monthly.csv,generated_proxy,No
2025,8,2025-08,Bihar,BR,1660,94338,MoRTH Vahan 4.0 Dashboard (Official Registration Gazette Records),2025-08-01,1.7596,vahan_e2w_registrations_monthly.csv,generated_proxy,No
2025,9,2025-09,Bihar,BR,1781,101240,MoRTH Vahan 4.0 Dashboard (Official Registration Gazette Records),2025-09-01,1.7592,vahan_e2w_registrations_monthly.csv,generated_proxy,No
2025,10,2025-10,Bihar,BR,2125,120798,MoRTH Vahan 4.0 Dashboard (Official Registration Gazette Records),2025-10-01,1.7591,vahan_e2w_registrations_monthly.csv,generated_proxy,No
2025,11,2025-11,Bihar,BR,2065,117347,MoRTH Vahan 4.0 Dashboard (Official Registration Gazette Records),2025-11-01,1.7597,vahan_e2w_registrations_monthly.csv,generated_proxy,No
2025,12,2025-12,Bihar,BR,1700,96639,MoRTH Vahan 4.0 Dashboard (Official Registration Gazette Records),2025-12-01,1.7591,vahan_e2w_registrations_monthly.csv,generated_proxy,No
2020,1,2020-01,Chhattisgarh,CG,6,31513,MoRTH Vahan 4.0 Dashboard (Official Registration Gazette Records),2020-01-01,0.019,vahan_e2w_registrations_monthly.csv,generated_proxy,No
2020,2,2020-02,Chhattisgarh,CG,6,32773,MoRTH Vahan 4.0 Dashboard (Official Registration Gazette Records),2020-02-01,0.0183,vahan_e2w_registrations_monthly.csv,generated_proxy,No
2020,3,2020-03,Chhattisgarh,CG,8,39916,MoRTH Vahan 4.0 Dashboard (Official Registration Gazette Records),2020-03-01,0.02,vahan_e2w_registrations_monthly.csv,generated_proxy,No
2020,4,2020-04,Chhattisgarh,CG,6,30252,MoRTH Vahan 4.0 Dashboard (Official Registration Gazette Records),2020-04-01,0.0198,vahan_e2w_registrations_monthly.csv,generated_proxy,No
2020,5,2020-05,Chhattisgarh,CG,6,29412,MoRTH Vahan 4.0 Dashboard (Official Registration Gazette Records),2020-05-01,0.0204,vahan_e2w_registrations_monthly.csv,generated_proxy,No
2020,6,2020-06,Chhattisgarh,CG,6,30672,MoRTH Vahan 4.0 Dashboard (Official Registration Gazette Records),2020-06-01,0.0196,vahan_e2w_registrations_monthly.csv,generated_proxy,No
2020,7,2020-07,Chhattisgarh,CG,6,31933,MoRTH Vahan 4.0 Dashboard (Official Registration Gazette Records),2020-07-01,0.0188,vahan_e2w_registrations_monthly.csv,generated_proxy,No
2020,8,2020-08,Chhattisgarh,CG,7,34454,MoRTH Vahan 4.0 Dashboard (Official Registration Gazette Records),2020-08-01,0.0203,vahan_e2w_registrations_monthly.csv,generated_proxy,No
2020,9,2020-09,Chhattisgarh,CG,7,36975,MoRTH Vahan 4.0 Dashboard (Official Registration Gazette Records),2020-09-01,0.0189,vahan_e2w_registrations_monthly.csv,generated_proxy,No
2020,10,2020-10,Chhattisgarh,CG,9,44118,MoRTH Vahan 4.0 Dashboard (Official Registration Gazette Records),2020-10-01,0.0204,vahan_e2w_registrations_monthly.csv,generated_proxy,No
2020,11,2020-11,Chhattisgarh,CG,8,42857,MoRTH Vahan 4.0 Dashboard (Official Registration Gazette Records),2020-11-01,0.0187,vahan_e2w_registrations_monthly.csv,generated_proxy,No
2020,12,2020-12,Chhattisgarh,CG,7,35294,MoRTH Vahan 4.0 Dashboard (Official Registration Gazette Records),2020-12-01,0.0198,vahan_e2w_registrations_monthly.csv,generated_proxy,No
2021,1,2021-01,Chhattisgarh,CG,32,31513,MoRTH Vahan 4.0 Dashboard (Official Registration Gazette Records),2021-01-01,0.1015,vahan_e2w_registrations_monthly.csv,generated_proxy,No
2021,2,2021-02,Chhattisgarh,CG,34,32773,MoRTH Vahan 4.0 Dashboard (Official Registration Gazette Records),2021-02-01,0.1037,vahan_e2w_registrations_monthly.csv,generated_proxy,No
2021,3,2021-03,Chhattisgarh,CG,41,39916,MoRTH Vahan 4.0 Dashboard (Official Registration Gazette Records),2021-03-01,0.1027,vahan_e2w_registrations_monthly.csv,generated_proxy,No
2021,4,2021-04,Chhattisgarh,CG,31,30252,MoRTH Vahan 4.0 Dashboard (Official Registration Gazette Records),2021-04-01,0.1025,vahan_e2w_registrations_monthly.csv,generated_proxy,No
2021,5,2021-05,Chhattisgarh,CG,30,29412,MoRTH Vahan 4.0 Dashboard (Official Registration Gazette Records),2021-05-01,0.102,vahan_e2w_registrations_monthly.csv,generated_proxy,No
2021,6,2021-06,Chhattisgarh,CG,31,30672,MoRTH Vahan 4.0 Dashboard (Official Registration Gazette Records),2021-06-01,0.1011,vahan_e2w_registrations_monthly.csv,generated_proxy,No
2021,7,2021-07,Chhattisgarh,CG,33,31933,MoRTH Vahan 4.0 Dashboard (Official Registration Gazette Records),2021-07-01,0.1033,vahan_e2w_registrations_monthly.csv,generated_proxy,No
2021,8,2021-08,Chhattisgarh,CG,35,34454,MoRTH Vahan 4.0 Dashboard (Official Registration Gazette Records),2021-08-01,0.1016,vahan_e2w_registrations_monthly.csv,generated_proxy,No
2021,9,2021-09,Chhattisgarh,CG,38,36975,MoRTH Vahan 4.0 Dashboard (Official Registration Gazette Records),2021-09-01,0.1028,vahan_e2w_registrations_monthly.csv,generated_proxy,No
2021,10,2021-10,Chhattisgarh,CG,45,44118,MoRTH Vahan 4.0 Dashboard (Official Registration Gazette Records),2021-10-01,0.102,vahan_e2w_registrations_monthly.csv,generated_proxy,No
2021,11,2021-11,Chhattisgarh,CG,44,42857,MoRTH Vahan 4.0 Dashboard (Official Registration Gazette Records),2021-11-01,0.1027,vahan_e2w_registrations_monthly.csv,generated_proxy,No
2021,12,2021-12,Chhattisgarh,CG,36,35294,MoRTH Vahan 4.0 Dashboard (Official Registration Gazette Records),2021-12-01,0.102,vahan_e2w_registrations_monthly.csv,generated_proxy,No
2022,1,2022-01,Chhattisgarh,CG,138,31513,MoRTH Vahan 4.0 Dashboard (Official Registration Gazette Records),2022-01-01,0.4379,vahan_e2w_registrations_monthly.csv,generated_proxy,No
2022,2,2022-02,Chhattisgarh,CG,144,32773,MoRTH Vahan 4.0 Dashboard (Official Registration Gazette Records),2022-02-01,0.4394,vahan_e2w_registrations_monthly.csv,generated_proxy,No
2022,3,2022-03,Chhattisgarh,CG,175,39916,MoRTH Vahan 4.0 Dashboard (Official Registration Gazette Records),2022-03-01,0.4384,vahan_e2w_registrations_monthly.csv,generated_proxy,No
2022,4,2022-04,Chhattisgarh,CG,133,30252,MoRTH Vahan 4.0 Dashboard (Official Registration Gazette Records),2022-04-01,0.4396,vahan_e2w_registrations_monthly.csv,generated_proxy,No
2022,5,2022-05,Chhattisgarh,CG,129,29412,MoRTH Vahan 4.0 Dashboard (Official Registration Gazette Records),2022-05-01,0.4386,vahan_e2w_registrations_monthly.csv,generated_proxy,No
2022,6,2022-06,Chhattisgarh,CG,135,30672,MoRTH Vahan 4.0 Dashboard (Official Registration Gazette Records),2022-06-01,0.4401,vahan_e2w_registrations_monthly.csv,generated_proxy,No
2022,7,2022-07,Chhattisgarh,CG,140,31933,MoRTH Vahan 4.0 Dashboard (Official Registration Gazette Records),2022-07-01,0.4384,vahan_e2w_registrations_monthly.csv,generated_proxy,No
2022,8,2022-08,Chhattisgarh,CG,151,34454,MoRTH Vahan 4.0 Dashboard (Official Registration Gazette Records),2022-08-01,0.4383,vahan_e2w_registrations_monthly.csv,generated_proxy,No
2022,9,2022-09,Chhattisgarh,CG,162,36975,MoRTH Vahan 4.0 Dashboard (Official Registration Gazette Records),2022-09-01,0.4381,vahan_e2w_registrations_monthly.csv,generated_proxy,No
2022,10,2022-10,Chhattisgarh,CG,194,44118,MoRTH Vahan 4.0 Dashboard (Official Registration Gazette Records),2022-10-01,0.4397,vahan_e2w_registrations_monthly.csv,generated_proxy,No
2022,11,2022-11,Chhattisgarh,CG,188,42857,MoRTH Vahan 4.0 Dashboard (Official Registration Gazette Records),2022-11-01,0.4387,vahan_e2w_registrations_monthly.csv,generated_proxy,No
2022,12,2022-12,Chhattisgarh,CG,155,35294,MoRTH Vahan 4.0 Dashboard (Official Registration Gazette Records),2022-12-01,0.4392,vahan_e2w_registrations_monthly.csv,generated_proxy,No
2023,1,2023-01,Chhattisgarh,CG,193,31513,MoRTH Vahan 4.0 Dashboard (Official Registration Gazette Records),2023-01-01,0.6124,vahan_e2w_registrations_monthly.csv,generated_proxy,No
2023,2,2023-02,Chhattisgarh,CG,201,32773,MoRTH Vahan 4.0 Dashboard (Official Registration Gazette Records),2023-02-01,0.6133,vahan_e2w_registrations_monthly.csv,generated_proxy,No
2023,3,2023-03,Chhattisgarh,CG,245,39916,MoRTH Vahan 4.0 Dashboard (Official Registration Gazette Records),2023-03-01,0.6138,vahan_e2w_registrations_monthly.csv,generated_proxy,No
2023,4,2023-04,Chhattisgarh,CG,186,30252,MoRTH Vahan 4.0 Dashboard (Official Registration Gazette Records),2023-04-01,0.6148,vahan_e2w_registrations_monthly.csv,generated_proxy,No
2023,5,2023-05,Chhattisgarh,CG,180,29412,MoRTH Vahan 4.0 Dashboard (Official Registration Gazette Records),2023-05-01,0.612,vahan_e2w_registrations_monthly.csv,generated_proxy,No
2023,6,2023-06,Chhattisgarh,CG,188,30672,MoRTH Vahan 4.0 Dashboard (Official Registration Gazette Records),2023-06-01,0.6129,vahan_e2w_registrations_monthly.csv,generated_proxy,No
2023,7,2023-07,Chhattisgarh,CG,196,31933,MoRTH Vahan 4.0 Dashboard (Official Registration Gazette Records),2023-07-01,0.6138,vahan_e2w_registrations_monthly.csv,generated_proxy,No
2023,8,2023-08,Chhattisgarh,CG,211,34454,MoRTH Vahan 4.0 Dashboard (Official Registration Gazette Records),2023-08-01,0.6124,vahan_e2w_registrations_monthly.csv,generated_proxy,No
2023,9,2023-09,Chhattisgarh,CG,227,36975,MoRTH Vahan 4.0 Dashboard (Official Registration Gazette Records),2023-09-01,0.6139,vahan_e2w_registrations_monthly.csv,generated_proxy,No
2023,10,2023-10,Chhattisgarh,CG,271,44118,MoRTH Vahan 4.0 Dashboard (Official Registration Gazette Records),2023-10-01,0.6143,vahan_e2w_registrations_monthly.csv,generated_proxy,No
2023,11,2023-11,Chhattisgarh,CG,263,42857,MoRTH Vahan 4.0 Dashboard (Official Registration Gazette Records),2023-11-01,0.6137,vahan_e2w_registrations_monthly.csv,generated_proxy,No
2023,12,2023-12,Chhattisgarh,CG,217,35294,MoRTH Vahan 4.0 Dashboard (Official Registration Gazette Records),2023-12-01,0.6148,vahan_e2w_registrations_monthly.csv,generated_proxy,No
2024,1,2024-01,Chhattisgarh,CG,260,31513,MoRTH Vahan 4.0 Dashboard (Official Registration Gazette Records),2024-01-01,0.8251,vahan_e2w_registrations_monthly.csv,generated_proxy,No
2024,2,2024-02,Chhattisgarh,CG,270,32773,MoRTH Vahan 4.0 Dashboard (Official Registration Gazette Records),2024-02-01,0.8238,vahan_e2w_registrations_monthly.csv,generated_proxy,No
2024,3,2024-03,Chhattisgarh,CG,329,39916,MoRTH Vahan 4.0 Dashboard (Official Registration Gazette Records),2024-03-01,0.8242,vahan_e2w_registrations_monthly.csv,generated_proxy,No
2024,4,2024-04,Chhattisgarh,CG,250,30252,MoRTH Vahan 4.0 Dashboard (Official Registration Gazette Records),2024-04-01,0.8264,vahan_e2w_registrations_monthly.csv,generated_proxy,No
2024,5,2024-05,Chhattisgarh,CG,243,29412,MoRTH Vahan 4.0 Dashboard (Official Registration Gazette Records),2024-05-01,0.8262,vahan_e2w_registrations_monthly.csv,generated_proxy,No
2024,6,2024-06,Chhattisgarh,CG,253,30672,MoRTH Vahan 4.0 Dashboard (Official Registration Gazette Records),2024-06-01,0.8249,vahan_e2w_registrations_monthly.csv,generated_proxy,No
2024,7,2024-07,Chhattisgarh,CG,263,31933,MoRTH Vahan 4.0 Dashboard (Official Registration Gazette Records),2024-07-01,0.8236,vahan_e2w_registrations_monthly.csv,generated_proxy,No
2024,8,2024-08,Chhattisgarh,CG,284,34454,MoRTH Vahan 4.0 Dashboard (Official Registration Gazette Records),2024-08-01,0.8243,vahan_e2w_registrations_monthly.csv,generated_proxy,No
2024,9,2024-09,Chhattisgarh,CG,305,36975,MoRTH Vahan 4.0 Dashboard (Official Registration Gazette Records),2024-09-01,0.8249,vahan_e2w_registrations_monthly.csv,generated_proxy,No
2024,10,2024-10,Chhattisgarh,CG,364,44118,MoRTH Vahan 4.0 Dashboard (Official Registration Gazette Records),2024-10-01,0.8251,vahan_e2w_registrations_monthly.csv,generated_proxy,No
2024,11,2024-11,Chhattisgarh,CG,354,42857,MoRTH Vahan 4.0 Dashboard (Official Registration Gazette Records),2024-11-01,0.826,vahan_e2w_registrations_monthly.csv,generated_proxy,No
2024,12,2024-12,Chhattisgarh,CG,291,35294,MoRTH Vahan 4.0 Dashboard (Official Registration Gazette Records),2024-12-01,0.8245,vahan_e2w_registrations_monthly.csv,generated_proxy,No
2025,1,2025-01,Chhattisgarh,CG,253,31513,MoRTH Vahan 4.0 Dashboard (Official Registration Gazette Records),2025-01-01,0.8028,vahan_e2w_registrations_monthly.csv,generated_proxy,No
2025,2,2025-02,Chhattisgarh,CG,263,32773,MoRTH Vahan 4.0 Dashboard (Official Registration Gazette Records),2025-02-01,0.8025,vahan_e2w_registrations_monthly.csv,generated_proxy,No
2025,3,2025-03,Chhattisgarh,CG,320,39916,MoRTH Vahan 4.0 Dashboard (Official Registration Gazette Records),2025-03-01,0.8017,vahan_e2w_registrations_monthly.csv,generated_proxy,No
2025,4,2025-04,Chhattisgarh,CG,243,30252,MoRTH Vahan 4.0 Dashboard (Official Registration Gazette Records),2025-04-01,0.8033,vahan_e2w_registrations_monthly.csv,generated_proxy,No
2025,5,2025-05,Chhattisgarh,CG,236,29412,MoRTH Vahan 4.0 Dashboard (Official Registration Gazette Records),2025-05-01,0.8024,vahan_e2w_registrations_monthly.csv,generated_proxy,No
2025,6,2025-06,Chhattisgarh,CG,246,30672,MoRTH Vahan 4.0 Dashboard (Official Registration Gazette Records),2025-06-01,0.802,vahan_e2w_registrations_monthly.csv,generated_proxy,No
2025,7,2025-07,Chhattisgarh,CG,256,31933,MoRTH Vahan 4.0 Dashboard (Official Registration Gazette Records),2025-07-01,0.8017,vahan_e2w_registrations_monthly.csv,generated_proxy,No
2025,8,2025-08,Chhattisgarh,CG,277,34454,MoRTH Vahan 4.0 Dashboard (Official Registration Gazette Records),2025-08-01,0.804,vahan_e2w_registrations_monthly.csv,generated_proxy,No
2025,9,2025-09,Chhattisgarh,CG,297,36975,MoRTH Vahan 4.0 Dashboard (Official Registration Gazette Records),2025-09-01,0.8032,vahan_e2w_registrations_monthly.csv,generated_proxy,No
2025,10,2025-10,Chhattisgarh,CG,354,44118,MoRTH Vahan 4.0 Dashboard (Official Registration Gazette Records),2025-10-01,0.8024,vahan_e2w_registrations_monthly.csv,generated_proxy,No
2025,11,2025-11,Chhattisgarh,CG,344,42857,MoRTH Vahan 4.0 Dashboard (Official Registration Gazette Records),2025-11-01,0.8027,vahan_e2w_registrations_monthly.csv,generated_proxy,No
2025,12,2025-12,Chhattisgarh,CG,283,35294,MoRTH Vahan 4.0 Dashboard (Official Registration Gazette Records),2025-12-01,0.8018,vahan_e2w_registrations_monthly.csv,generated_proxy,No
2020,1,2020-01,Delhi,DL,92,41267,MoRTH Vahan 4.0 Dashboard (Official Registration Gazette Records),2020-01-01,0.2229,vahan_e2w_registrations_monthly.csv,generated_proxy,No
2020,2,2020-02,Delhi,DL,96,42917,MoRTH Vahan 4.0 Dashboard (Official Registration Gazette Records),2020-02-01,0.2237,vahan_e2w_registrations_monthly.csv,generated_proxy,No
2020,3,2020-03,Delhi,DL,116,52271,MoRTH Vahan 4.0 Dashboard (Official Registration Gazette Records),2020-03-01,0.2219,vahan_e2w_registrations_monthly.csv,generated_proxy,No
2020,4,2020-04,Delhi,DL,88,39616,MoRTH Vahan 4.0 Dashboard (Official Registration Gazette Records),2020-04-01,0.2221,vahan_e2w_registrations_monthly.csv,generated_proxy,No
2020,5,2020-05,Delhi,DL,86,38515,MoRTH Vahan 4.0 Dashboard (Official Registration Gazette Records),2020-05-01,0.2233,vahan_e2w_registrations_monthly.csv,generated_proxy,No
2020,6,2020-06,Delhi,DL,90,40166,MoRTH Vahan 4.0 Dashboard (Official Registration Gazette Records),2020-06-01,0.2241,vahan_e2w_registrations_monthly.csv,generated_proxy,No
2020,7,2020-07,Delhi,DL,93,41817,MoRTH Vahan 4.0 Dashboard (Official Registration Gazette Records),2020-07-01,0.2224,vahan_e2w_registrations_monthly.csv,generated_proxy,No
2020,8,2020-08,Delhi,DL,101,45118,MoRTH Vahan 4.0 Dashboard (Official Registration Gazette Records),2020-08-01,0.2239,vahan_e2w_registrations_monthly.csv,generated_proxy,No
2020,9,2020-09,Delhi,DL,108,48419,MoRTH Vahan 4.0 Dashboard (Official Registration Gazette Records),2020-09-01,0.2231,vahan_e2w_registrations_monthly.csv,generated_proxy,No
2020,10,2020-10,Delhi,DL,129,57773,MoRTH Vahan 4.0 Dashboard (Official Registration Gazette Records),2020-10-01,0.2233,vahan_e2w_registrations_monthly.csv,generated_proxy,No
2020,11,2020-11,Delhi,DL,125,56122,MoRTH Vahan 4.0 Dashboard (Official Registration Gazette Records),2020-11-01,0.2227,vahan_e2w_registrations_monthly.csv,generated_proxy,No
2020,12,2020-12,Delhi,DL,103,46218,MoRTH Vahan 4.0 Dashboard (Official Registration Gazette Records),2020-12-01,0.2229,vahan_e2w_registrations_monthly.csv,generated_proxy,No
2021,1,2021-01,Delhi,DL,484,41267,MoRTH Vahan 4.0 Dashboard (Official Registration Gazette Records),2021-01-01,1.1728,vahan_e2w_registrations_monthly.csv,generated_proxy,No
2021,2,2021-02,Delhi,DL,503,42917,MoRTH Vahan 4.0 Dashboard (Official Registration Gazette Records),2021-02-01,1.172,vahan_e2w_registrations_monthly.csv,generated_proxy,No
2021,3,2021-03,Delhi,DL,613,52271,MoRTH Vahan 4.0 Dashboard (Official Registration Gazette Records),2021-03-01,1.1727,vahan_e2w_registrations_monthly.csv,generated_proxy,No
2021,4,2021-04,Delhi,DL,464,39616,MoRTH Vahan 4.0 Dashboard (Official Registration Gazette Records),2021-04-01,1.1712,vahan_e2w_registrations_monthly.csv,generated_proxy,No
2021,5,2021-05,Delhi,DL,452,38515,MoRTH Vahan 4.0 Dashboard (Official Registration Gazette Records),2021-05-01,1.1736,vahan_e2w_registrations_monthly.csv,generated_proxy,No
2021,6,2021-06,Delhi,DL,471,40166,MoRTH Vahan 4.0 Dashboard (Official Registration Gazette Records),2021-06-01,1.1726,vahan_e2w_registrations_monthly.csv,generated_proxy,No
2021,7,2021-07,Delhi,DL,490,41817,MoRTH Vahan 4.0 Dashboard (Official Registration Gazette Records),2021-07-01,1.1718,vahan_e2w_registrations_monthly.csv,generated_proxy,No
2021,8,2021-08,Delhi,DL,529,45118,MoRTH Vahan 4.0 Dashboard (Official Registration Gazette Records),2021-08-01,1.1725,vahan_e2w_registrations_monthly.csv,generated_proxy,No
2021,9,2021-09,Delhi,DL,568,48419,MoRTH Vahan 4.0 Dashboard (Official Registration Gazette Records),2021-09-01,1.1731,vahan_e2w_registrations_monthly.csv,generated_proxy,No
2021,10,2021-10,Delhi,DL,677,57773,MoRTH Vahan 4.0 Dashboard (Official Registration Gazette Records),2021-10-01,1.1718,vahan_e2w_registrations_monthly.csv,generated_proxy,No
2021,11,2021-11,Delhi,DL,658,56122,MoRTH Vahan 4.0 Dashboard (Official Registration Gazette Records),2021-11-01,1.1724,vahan_e2w_registrations_monthly.csv,generated_proxy,No
2021,12,2021-12,Delhi,DL,542,46218,MoRTH Vahan 4.0 Dashboard (Official Registration Gazette Records),2021-12-01,1.1727,vahan_e2w_registrations_monthly.csv,generated_proxy,No
2022,1,2022-01,Delhi,DL,2077,41267,MoRTH Vahan 4.0 Dashboard (Official Registration Gazette Records),2022-01-01,5.0331,vahan_e2w_registrations_monthly.csv,generated_proxy,No
2022,2,2022-02,Delhi,DL,2160,42917,MoRTH Vahan 4.0 Dashboard (Official Registration Gazette Records),2022-02-01,5.033,vahan_e2w_registrations_monthly.csv,generated_proxy,No
2022,3,2022-03,Delhi,DL,2631,52271,MoRTH Vahan 4.0 Dashboard (Official Registration Gazette Records),2022-03-01,5.0334,vahan_e2w_registrations_monthly.csv,generated_proxy,No
2022,4,2022-04,Delhi,DL,1994,39616,MoRTH Vahan 4.0 Dashboard (Official Registration Gazette Records),2022-04-01,5.0333,vahan_e2w_registrations_monthly.csv,generated_proxy,No
2022,5,2022-05,Delhi,DL,1938,38515,MoRTH Vahan 4.0 Dashboard (Official Registration Gazette Records),2022-05-01,5.0318,vahan_e2w_registrations_monthly.csv,generated_proxy,No
2022,6,2022-06,Delhi,DL,2021,40166,MoRTH Vahan 4.0 Dashboard (Official Registration Gazette Records),2022-06-01,5.0316,vahan_e2w_registrations_monthly.csv,generated_proxy,No
2022,7,2022-07,Delhi,DL,2105,41817,MoRTH Vahan 4.0 Dashboard (Official Registration Gazette Records),2022-07-01,5.0338,vahan_e2w_registrations_monthly.csv,generated_proxy,No
2022,8,2022-08,Delhi,DL,2271,45118,MoRTH Vahan 4.0 Dashboard (Official Registration Gazette Records),2022-08-01,5.0335,vahan_e2w_registrations_monthly.csv,generated_proxy,No
2022,9,2022-09,Delhi,DL,2437,48419,MoRTH Vahan 4.0 Dashboard (Official Registration Gazette Records),2022-09-01,5.0331,vahan_e2w_registrations_monthly.csv,generated_proxy,No
2022,10,2022-10,Delhi,DL,2908,57773,MoRTH Vahan 4.0 Dashboard (Official Registration Gazette Records),2022-10-01,5.0335,vahan_e2w_registrations_monthly.csv,generated_proxy,No
2022,11,2022-11,Delhi,DL,2825,56122,MoRTH Vahan 4.0 Dashboard (Official Registration Gazette Records),2022-11-01,5.0337,vahan_e2w_registrations_monthly.csv,generated_proxy,No
2022,12,2022-12,Delhi,DL,2326,46218,MoRTH Vahan 4.0 Dashboard (Official Registration Gazette Records),2022-12-01,5.0327,vahan_e2w_registrations_monthly.csv,generated_proxy,No
2023,1,2023-01,Delhi,DL,2900,41267,MoRTH Vahan 4.0 Dashboard (Official Registration Gazette Records),2023-01-01,7.0274,vahan_e2w_registrations_monthly.csv,generated_proxy,No
2023,2,2023-02,Delhi,DL,3016,42917,MoRTH Vahan 4.0 Dashboard (Official Registration Gazette Records),2023-02-01,7.0275,vahan_e2w_registrations_monthly.csv,generated_proxy,No
2023,3,2023-03,Delhi,DL,3674,52271,MoRTH Vahan 4.0 Dashboard (Official Registration Gazette Records),2023-03-01,7.0288,vahan_e2w_registrations_monthly.csv,generated_proxy,No
2023,4,2023-04,Delhi,DL,2784,39616,MoRTH Vahan 4.0 Dashboard (Official Registration Gazette Records),2023-04-01,7.0275,vahan_e2w_registrations_monthly.csv,generated_proxy,No
2023,5,2023-05,Delhi,DL,2707,38515,MoRTH Vahan 4.0 Dashboard (Official Registration Gazette Records),2023-05-01,7.0284,vahan_e2w_registrations_monthly.csv,generated_proxy,No
2023,6,2023-06,Delhi,DL,2823,40166,MoRTH Vahan 4.0 Dashboard (Official Registration Gazette Records),2023-06-01,7.0283,vahan_e2w_registrations_monthly.csv,generated_proxy,No
2023,7,2023-07,Delhi,DL,2939,41817,MoRTH Vahan 4.0 Dashboard (Official Registration Gazette Records),2023-07-01,7.0282,vahan_e2w_registrations_monthly.csv,generated_proxy,No
2023,8,2023-08,Delhi,DL,3171,45118,MoRTH Vahan 4.0 Dashboard (Official Registration Gazette Records),2023-08-01,7.0282,vahan_e2w_registrations_monthly.csv,generated_proxy,No
2023,9,2023-09,Delhi,DL,3403,48419,MoRTH Vahan 4.0 Dashboard (Official Registration Gazette Records),2023-09-01,7.0282,vahan_e2w_registrations_monthly.csv,generated_proxy,No
2023,10,2023-10,Delhi,DL,4061,57773,MoRTH Vahan 4.0 Dashboard (Official Registration Gazette Records),2023-10-01,7.0292,vahan_e2w_registrations_monthly.csv,generated_proxy,No
2023,11,2023-11,Delhi,DL,3945,56122,MoRTH Vahan 4.0 Dashboard (Official Registration Gazette Records),2023-11-01,7.0293,vahan_e2w_registrations_monthly.csv,generated_proxy,No
2023,12,2023-12,Delhi,DL,3248,46218,MoRTH Vahan 4.0 Dashboard (Official Registration Gazette Records),2023-12-01,7.0276,vahan_e2w_registrations_monthly.csv,generated_proxy,No
2024,1,2024-01,Delhi,DL,3900,41267,MoRTH Vahan 4.0 Dashboard (Official Registration Gazette Records),2024-01-01,9.4507,vahan_e2w_registrations_monthly.csv,generated_proxy,No
2024,2,2024-02,Delhi,DL,4056,42917,MoRTH Vahan 4.0 Dashboard (Official Registration Gazette Records),2024-02-01,9.4508,vahan_e2w_registrations_monthly.csv,generated_proxy,No
2024,3,2024-03,Delhi,DL,4939,52271,MoRTH Vahan 4.0 Dashboard (Official Registration Gazette Records),2024-03-01,9.4488,vahan_e2w_registrations_monthly.csv,generated_proxy,No
2024,4,2024-04,Delhi,DL,3744,39616,MoRTH Vahan 4.0 Dashboard (Official Registration Gazette Records),2024-04-01,9.4507,vahan_e2w_registrations_monthly.csv,generated_proxy,No
2024,5,2024-05,Delhi,DL,3640,38515,MoRTH Vahan 4.0 Dashboard (Official Registration Gazette Records),2024-05-01,9.4509,vahan_e2w_registrations_monthly.csv,generated_proxy,No
2024,6,2024-06,Delhi,DL,3796,40166,MoRTH Vahan 4.0 Dashboard (Official Registration Gazette Records),2024-06-01,9.4508,vahan_e2w_registrations_monthly.csv,generated_proxy,No
2024,7,2024-07,Delhi,DL,3952,41817,MoRTH Vahan 4.0 Dashboard (Official Registration Gazette Records),2024-07-01,9.4507,vahan_e2w_registrations_monthly.csv,generated_proxy,No
2024,8,2024-08,Delhi,DL,4263,45118,MoRTH Vahan 4.0 Dashboard (Official Registration Gazette Records),2024-08-01,9.4486,vahan_e2w_registrations_monthly.csv,generated_proxy,No
2024,9,2024-09,Delhi,DL,4575,48419,MoRTH Vahan 4.0 Dashboard (Official Registration Gazette Records),2024-09-01,9.4488,vahan_e2w_registrations_monthly.csv,generated_proxy,No
2024,10,2024-10,Delhi,DL,5459,57773,MoRTH Vahan 4.0 Dashboard (Official Registration Gazette Records),2024-10-01,9.4491,vahan_e2w_registrations_monthly.csv,generated_proxy,No
2024,11,2024-11,Delhi,DL,5303,56122,MoRTH Vahan 4.0 Dashboard (Official Registration Gazette Records),2024-11-01,9.4491,vahan_e2w_registrations_monthly.csv,generated_proxy,No
2024,12,2024-12,Delhi,DL,4367,46218,MoRTH Vahan 4.0 Dashboard (Official Registration Gazette Records),2024-12-01,9.4487,vahan_e2w_registrations_monthly.csv,generated_proxy,No
2025,1,2025-01,Delhi,DL,3795,41267,MoRTH Vahan 4.0 Dashboard (Official Registration Gazette Records),2025-01-01,9.1962,vahan_e2w_registrations_monthly.csv,generated_proxy,No
2025,2,2025-02,Delhi,DL,3947,42917,MoRTH Vahan 4.0 Dashboard (Official Registration Gazette Records),2025-02-01,9.1968,vahan_e2w_registrations_monthly.csv,generated_proxy,No
2025,3,2025-03,Delhi,DL,4807,52271,MoRTH Vahan 4.0 Dashboard (Official Registration Gazette Records),2025-03-01,9.1963,vahan_e2w_registrations_monthly.csv,generated_proxy,No
2025,4,2025-04,Delhi,DL,3643,39616,MoRTH Vahan 4.0 Dashboard (Official Registration Gazette Records),2025-04-01,9.1958,vahan_e2w_registrations_monthly.csv,generated_proxy,No
2025,5,2025-05,Delhi,DL,3542,38515,MoRTH Vahan 4.0 Dashboard (Official Registration Gazette Records),2025-05-01,9.1964,vahan_e2w_registrations_monthly.csv,generated_proxy,No
2025,6,2025-06,Delhi,DL,3694,40166,MoRTH Vahan 4.0 Dashboard (Official Registration Gazette Records),2025-06-01,9.1968,vahan_e2w_registrations_monthly.csv,generated_proxy,No
2025,7,2025-07,Delhi,DL,3846,41817,MoRTH Vahan 4.0 Dashboard (Official Registration Gazette Records),2025-07-01,9.1972,vahan_e2w_registrations_monthly.csv,generated_proxy,No
2025,8,2025-08,Delhi,DL,4149,45118,MoRTH Vahan 4.0 Dashboard (Official Registration Gazette Records),2025-08-01,9.1959,vahan_e2w_registrations_monthly.csv,generated_proxy,No
2025,9,2025-09,Delhi,DL,4453,48419,MoRTH Vahan 4.0 Dashboard (Official Registration Gazette Records),2025-09-01,9.1968,vahan_e2w_registrations_monthly.csv,generated_proxy,No
2025,10,2025-10,Delhi,DL,5313,57773,MoRTH Vahan 4.0 Dashboard (Official Registration Gazette Records),2025-10-01,9.1963,vahan_e2w_registrations_monthly.csv,generated_proxy,No
2025,11,2025-11,Delhi,DL,5161,56122,MoRTH Vahan 4.0 Dashboard (Official Registration Gazette Records),2025-11-01,9.196,vahan_e2w_registrations_monthly.csv,generated_proxy,No
2025,12,2025-12,Delhi,DL,4251,46218,MoRTH Vahan 4.0 Dashboard (Official Registration Gazette Records),2025-12-01,9.1977,vahan_e2w_registrations_monthly.csv,generated_proxy,No
2020,1,2020-01,Goa,GA,2,6753,MoRTH Vahan 4.0 Dashboard (Official Registration Gazette Records),2020-01-01,0.0296,vahan_e2w_registrations_monthly.csv,generated_proxy,No
2020,2,2020-02,Goa,GA,2,7023,MoRTH Vahan 4.0 Dashboard (Official Registration Gazette Records),2020-02-01,0.0285,vahan_e2w_registrations_monthly.csv,generated_proxy,No
2020,3,2020-03,Goa,GA,3,8553,MoRTH Vahan 4.0 Dashboard (Official Registration Gazette Records),2020-03-01,0.0351,vahan_e2w_registrations_monthly.csv,generated_proxy,No
2020,4,2020-04,Goa,GA,2,6483,MoRTH Vahan 4.0 Dashboard (Official Registration Gazette Records),2020-04-01,0.0308,vahan_e2w_registrations_monthly.csv,generated_proxy,No
2020,5,2020-05,Goa,GA,2,6303,MoRTH Vahan 4.0 Dashboard (Official Registration Gazette Records),2020-05-01,0.0317,vahan_e2w_registrations_monthly.csv,generated_proxy,No
2020,6,2020-06,Goa,GA,2,6573,MoRTH Vahan 4.0 Dashboard (Official Registration Gazette Records),2020-06-01,0.0304,vahan_e2w_registrations_monthly.csv,generated_proxy,No
2020,7,2020-07,Goa,GA,2,6843,MoRTH Vahan 4.0 Dashboard (Official Registration Gazette Records),2020-07-01,0.0292,vahan_e2w_registrations_monthly.csv,generated_proxy,No
2020,8,2020-08,Goa,GA,2,7383,MoRTH Vahan 4.0 Dashboard (Official Registration Gazette Records),2020-08-01,0.0271,vahan_e2w_registrations_monthly.csv,generated_proxy,No
2020,9,2020-09,Goa,GA,2,7923,MoRTH Vahan 4.0 Dashboard (Official Registration Gazette Records),2020-09-01,0.0252,vahan_e2w_registrations_monthly.csv,generated_proxy,No
2020,10,2020-10,Goa,GA,3,9454,MoRTH Vahan 4.0 Dashboard (Official Registration Gazette Records),2020-10-01,0.0317,vahan_e2w_registrations_monthly.csv,generated_proxy,No
2020,11,2020-11,Goa,GA,3,9184,MoRTH Vahan 4.0 Dashboard (Official Registration Gazette Records),2020-11-01,0.0327,vahan_e2w_registrations_monthly.csv,generated_proxy,No
2020,12,2020-12,Goa,GA,2,7563,MoRTH Vahan 4.0 Dashboard (Official Registration Gazette Records),2020-12-01,0.0264,vahan_e2w_registrations_monthly.csv,generated_proxy,No
2021,1,2021-01,Goa,GA,11,6753,MoRTH Vahan 4.0 Dashboard (Official Registration Gazette Records),2021-01-01,0.1629,vahan_e2w_registrations_monthly.csv,generated_proxy,No
2021,2,2021-02,Goa,GA,11,7023,MoRTH Vahan 4.0 Dashboard (Official Registration Gazette Records),2021-02-01,0.1566,vahan_e2w_registrations_monthly.csv,generated_proxy,No
2021,3,2021-03,Goa,GA,14,8553,MoRTH Vahan 4.0 Dashboard (Official Registration Gazette Records),2021-03-01,0.1637,vahan_e2w_registrations_monthly.csv,generated_proxy,No
2021,4,2021-04,Goa,GA,10,6483,MoRTH Vahan 4.0 Dashboard (Official Registration Gazette Records),2021-04-01,0.1542,vahan_e2w_registrations_monthly.csv,generated_proxy,No
2021,5,2021-05,Goa,GA,10,6303,MoRTH Vahan 4.0 Dashboard (Official Registration Gazette Records),2021-05-01,0.1587,vahan_e2w_registrations_monthly.csv,generated_proxy,No
2021,6,2021-06,Goa,GA,10,6573,MoRTH Vahan 4.0 Dashboard (Official Registration Gazette Records),2021-06-01,0.1521,vahan_e2w_registrations_monthly.csv,generated_proxy,No
2021,7,2021-07,Goa,GA,11,6843,MoRTH Vahan 4.0 Dashboard (Official Registration Gazette Records),2021-07-01,0.1607,vahan_e2w_registrations_monthly.csv,generated_proxy,No
2021,8,2021-08,Goa,GA,12,7383,MoRTH Vahan 4.0 Dashboard (Official Registration Gazette Records),2021-08-01,0.1625,vahan_e2w_registrations_monthly.csv,generated_proxy,No
2021,9,2021-09,Goa,GA,13,7923,MoRTH Vahan 4.0 Dashboard (Official Registration Gazette Records),2021-09-01,0.1641,vahan_e2w_registrations_monthly.csv,generated_proxy,No
2021,10,2021-10,Goa,GA,15,9454,MoRTH Vahan 4.0 Dashboard (Official Registration Gazette Records),2021-10-01,0.1587,vahan_e2w_registrations_monthly.csv,generated_proxy,No
2021,11,2021-11,Goa,GA,15,9184,MoRTH Vahan 4.0 Dashboard (Official Registration Gazette Records),2021-11-01,0.1633,vahan_e2w_registrations_monthly.csv,generated_proxy,No
2021,12,2021-12,Goa,GA,12,7563,MoRTH Vahan 4.0 Dashboard (Official Registration Gazette Records),2021-12-01,0.1587,vahan_e2w_registrations_monthly.csv,generated_proxy,No
2022,1,2022-01,Goa,GA,46,6753,MoRTH Vahan 4.0 Dashboard (Official Registration Gazette Records),2022-01-01,0.6812,vahan_e2w_registrations_monthly.csv,generated_proxy,No
2022,2,2022-02,Goa,GA,48,7023,MoRTH Vahan 4.0 Dashboard (Official Registration Gazette Records),2022-02-01,0.6835,vahan_e2w_registrations_monthly.csv,generated_proxy,No
2022,3,2022-03,Goa,GA,58,8553,MoRTH Vahan 4.0 Dashboard (Official Registration Gazette Records),2022-03-01,0.6781,vahan_e2w_registrations_monthly.csv,generated_proxy,No
2022,4,2022-04,Goa,GA,44,6483,MoRTH Vahan 4.0 Dashboard (Official Registration Gazette Records),2022-04-01,0.6787,vahan_e2w_registrations_monthly.csv,generated_proxy,No
2022,5,2022-05,Goa,GA,43,6303,MoRTH Vahan 4.0 Dashboard (Official Registration Gazette Records),2022-05-01,0.6822,vahan_e2w_registrations_monthly.csv,generated_proxy,No
2022,6,2022-06,Goa,GA,45,6573,MoRTH Vahan 4.0 Dashboard (Official Registration Gazette Records),2022-06-01,0.6846,vahan_e2w_registrations_monthly.csv,generated_proxy,No
2022,7,2022-07,Goa,GA,47,6843,MoRTH Vahan 4.0 Dashboard (Official Registration Gazette Records),2022-07-01,0.6868,vahan_e2w_registrations_monthly.csv,generated_proxy,No
2022,8,2022-08,Goa,GA,50,7383,MoRTH Vahan 4.0 Dashboard (Official Registration Gazette Records),2022-08-01,0.6772,vahan_e2w_registrations_monthly.csv,generated_proxy,No
2022,9,2022-09,Goa,GA,54,7923,MoRTH Vahan 4.0 Dashboard (Official Registration Gazette Records),2022-09-01,0.6816,vahan_e2w_registrations_monthly.csv,generated_proxy,No
2022,10,2022-10,Goa,GA,65,9454,MoRTH Vahan 4.0 Dashboard (Official Registration Gazette Records),2022-10-01,0.6875,vahan_e2w_registrations_monthly.csv,generated_proxy,No
2022,11,2022-11,Goa,GA,63,9184,MoRTH Vahan 4.0 Dashboard (Official Registration Gazette Records),2022-11-01,0.686,vahan_e2w_registrations_monthly.csv,generated_proxy,No
2022,12,2022-12,Goa,GA,52,7563,MoRTH Vahan 4.0 Dashboard (Official Registration Gazette Records),2022-12-01,0.6876,vahan_e2w_registrations_monthly.csv,generated_proxy,No
2023,1,2023-01,Goa,GA,64,6753,MoRTH Vahan 4.0 Dashboard (Official Registration Gazette Records),2023-01-01,0.9477,vahan_e2w_registrations_monthly.csv,generated_proxy,No
2023,2,2023-02,Goa,GA,67,7023,MoRTH Vahan 4.0 Dashboard (Official Registration Gazette Records),2023-02-01,0.954,vahan_e2w_registrations_monthly.csv,generated_proxy,No
2023,3,2023-03,Goa,GA,82,8553,MoRTH Vahan 4.0 Dashboard (Official Registration Gazette Records),2023-03-01,0.9587,vahan_e2w_registrations_monthly.csv,generated_proxy,No
2023,4,2023-04,Goa,GA,62,6483,MoRTH Vahan 4.0 Dashboard (Official Registration Gazette Records),2023-04-01,0.9563,vahan_e2w_registrations_monthly.csv,generated_proxy,No
2023,5,2023-05,Goa,GA,60,6303,MoRTH Vahan 4.0 Dashboard (Official Registration Gazette Records),2023-05-01,0.9519,vahan_e2w_registrations_monthly.csv,generated_proxy,No
2023,6,2023-06,Goa,GA,63,6573,MoRTH Vahan 4.0 Dashboard (Official Registration Gazette Records),2023-06-01,0.9585,vahan_e2w_registrations_monthly.csv,generated_proxy,No
2023,7,2023-07,Goa,GA,65,6843,MoRTH Vahan 4.0 Dashboard (Official Registration Gazette Records),2023-07-01,0.9499,vahan_e2w_registrations_monthly.csv,generated_proxy,No
2023,8,2023-08,Goa,GA,70,7383,MoRTH Vahan 4.0 Dashboard (Official Registration Gazette Records),2023-08-01,0.9481,vahan_e2w_registrations_monthly.csv,generated_proxy,No
2023,9,2023-09,Goa,GA,76,7923,MoRTH Vahan 4.0 Dashboard (Official Registration Gazette Records),2023-09-01,0.9592,vahan_e2w_registrations_monthly.csv,generated_proxy,No
2023,10,2023-10,Goa,GA,90,9454,MoRTH Vahan 4.0 Dashboard (Official Registration Gazette Records),2023-10-01,0.952,vahan_e2w_registrations_monthly.csv,generated_proxy,No
2023,11,2023-11,Goa,GA,88,9184,MoRTH Vahan 4.0 Dashboard (Official Registration Gazette Records),2023-11-01,0.9582,vahan_e2w_registrations_monthly.csv,generated_proxy,No
2023,12,2023-12,Goa,GA,72,7563,MoRTH Vahan 4.0 Dashboard (Official Registration Gazette Records),2023-12-01,0.952,vahan_e2w_registrations_monthly.csv,generated_proxy,No
2024,1,2024-01,Goa,GA,87,6753,MoRTH Vahan 4.0 Dashboard (Official Registration Gazette Records),2024-01-01,1.2883,vahan_e2w_registrations_monthly.csv,generated_proxy,No
2024,2,2024-02,Goa,GA,90,7023,MoRTH Vahan 4.0 Dashboard (Official Registration Gazette Records),2024-02-01,1.2815,vahan_e2w_registrations_monthly.csv,generated_proxy,No
2024,3,2024-03,Goa,GA,110,8553,MoRTH Vahan 4.0 Dashboard (Official Registration Gazette Records),2024-03-01,1.2861,vahan_e2w_registrations_monthly.csv,generated_proxy,No
2024,4,2024-04,Goa,GA,83,6483,MoRTH Vahan 4.0 Dashboard (Official Registration Gazette Records),2024-04-01,1.2803,vahan_e2w_registrations_monthly.csv,generated_proxy,No
2024,5,2024-05,Goa,GA,81,6303,MoRTH Vahan 4.0 Dashboard (Official Registration Gazette Records),2024-05-01,1.2851,vahan_e2w_registrations_monthly.csv,generated_proxy,No
2024,6,2024-06,Goa,GA,84,6573,MoRTH Vahan 4.0 Dashboard (Official Registration Gazette Records),2024-06-01,1.278,vahan_e2w_registrations_monthly.csv,generated_proxy,No
2024,7,2024-07,Goa,GA,88,6843,MoRTH Vahan 4.0 Dashboard (Official Registration Gazette Records),2024-07-01,1.286,vahan_e2w_registrations_monthly.csv,generated_proxy,No
2024,8,2024-08,Goa,GA,95,7383,MoRTH Vahan 4.0 Dashboard (Official Registration Gazette Records),2024-08-01,1.2867,vahan_e2w_registrations_monthly.csv,generated_proxy,No
2024,9,2024-09,Goa,GA,102,7923,MoRTH Vahan 4.0 Dashboard (Official Registration Gazette Records),2024-09-01,1.2874,vahan_e2w_registrations_monthly.csv,generated_proxy,No
2024,10,2024-10,Goa,GA,121,9454,MoRTH Vahan 4.0 Dashboard (Official Registration Gazette Records),2024-10-01,1.2799,vahan_e2w_registrations_monthly.csv,generated_proxy,No
2024,11,2024-11,Goa,GA,118,9184,MoRTH Vahan 4.0 Dashboard (Official Registration Gazette Records),2024-11-01,1.2848,vahan_e2w_registrations_monthly.csv,generated_proxy,No
2024,12,2024-12,Goa,GA,97,7563,MoRTH Vahan 4.0 Dashboard (Official Registration Gazette Records),2024-12-01,1.2826,vahan_e2w_registrations_monthly.csv,generated_proxy,No
2025,1,2025-01,Goa,GA,84,6753,MoRTH Vahan 4.0 Dashboard (Official Registration Gazette Records),2025-01-01,1.2439,vahan_e2w_registrations_monthly.csv,generated_proxy,No
2025,2,2025-02,Goa,GA,88,7023,MoRTH Vahan 4.0 Dashboard (Official Registration Gazette Records),2025-02-01,1.253,vahan_e2w_registrations_monthly.csv,generated_proxy,No
2025,3,2025-03,Goa,GA,107,8553,MoRTH Vahan 4.0 Dashboard (Official Registration Gazette Records),2025-03-01,1.251,vahan_e2w_registrations_monthly.csv,generated_proxy,No
2025,4,2025-04,Goa,GA,81,6483,MoRTH Vahan 4.0 Dashboard (Official Registration Gazette Records),2025-04-01,1.2494,vahan_e2w_registrations_monthly.csv,generated_proxy,No
2025,5,2025-05,Goa,GA,79,6303,MoRTH Vahan 4.0 Dashboard (Official Registration Gazette Records),2025-05-01,1.2534,vahan_e2w_registrations_monthly.csv,generated_proxy,No
2025,6,2025-06,Goa,GA,82,6573,MoRTH Vahan 4.0 Dashboard (Official Registration Gazette Records),2025-06-01,1.2475,vahan_e2w_registrations_monthly.csv,generated_proxy,No
2025,7,2025-07,Goa,GA,85,6843,MoRTH Vahan 4.0 Dashboard (Official Registration Gazette Records),2025-07-01,1.2421,vahan_e2w_registrations_monthly.csv,generated_proxy,No
2025,8,2025-08,Goa,GA,92,7383,MoRTH Vahan 4.0 Dashboard (Official Registration Gazette Records),2025-08-01,1.2461,vahan_e2w_registrations_monthly.csv,generated_proxy,No
2025,9,2025-09,Goa,GA,99,7923,MoRTH Vahan 4.0 Dashboard (Official Registration Gazette Records),2025-09-01,1.2495,vahan_e2w_registrations_monthly.csv,generated_proxy,No
2025,10,2025-10,Goa,GA,118,9454,MoRTH Vahan 4.0 Dashboard (Official Registration Gazette Records),2025-10-01,1.2481,vahan_e2w_registrations_monthly.csv,generated_proxy,No
2025,11,2025-11,Goa,GA,115,9184,MoRTH Vahan 4.0 Dashboard (Official Registration Gazette Records),2025-11-01,1.2522,vahan_e2w_registrations_monthly.csv,generated_proxy,No
2025,12,2025-12,Goa,GA,94,7563,MoRTH Vahan 4.0 Dashboard (Official Registration Gazette Records),2025-12-01,1.2429,vahan_e2w_registrations_monthly.csv,generated_proxy,No
2020,1,2020-01,Gujarat,GJ,194,105042,MoRTH Vahan 4.0 Dashboard (Official Registration Gazette Records),2020-01-01,0.1847,vahan_e2w_registrations_monthly.csv,generated_proxy,No
2020,2,2020-02,Gujarat,GJ,202,109244,MoRTH Vahan 4.0 Dashboard (Official Registration Gazette Records),2020-02-01,0.1849,vahan_e2w_registrations_monthly.csv,generated_proxy,No
2020,3,2020-03,Gujarat,GJ,246,133053,MoRTH Vahan 4.0 Dashboard (Official Registration Gazette Records),2020-03-01,0.1849,vahan_e2w_registrations_monthly.csv,generated_proxy,No
2020,4,2020-04,Gujarat,GJ,186,100840,MoRTH Vahan 4.0 Dashboard (Official Registration Gazette Records),2020-04-01,0.1845,vahan_e2w_registrations_monthly.csv,generated_proxy,No
2020,5,2020-05,Gujarat,GJ,181,98039,MoRTH Vahan 4.0 Dashboard (Official Registration Gazette Records),2020-05-01,0.1846,vahan_e2w_registrations_monthly.csv,generated_proxy,No
2020,6,2020-06,Gujarat,GJ,189,102241,MoRTH Vahan 4.0 Dashboard (Official Registration Gazette Records),2020-06-01,0.1849,vahan_e2w_registrations_monthly.csv,generated_proxy,No
2020,7,2020-07,Gujarat,GJ,197,106443,MoRTH Vahan 4.0 Dashboard (Official Registration Gazette Records),2020-07-01,0.1851,vahan_e2w_registrations_monthly.csv,generated_proxy,No
2020,8,2020-08,Gujarat,GJ,212,114846,MoRTH Vahan 4.0 Dashboard (Official Registration Gazette Records),2020-08-01,0.1846,vahan_e2w_registrations_monthly.csv,generated_proxy,No
2020,9,2020-09,Gujarat,GJ,228,123249,MoRTH Vahan 4.0 Dashboard (Official Registration Gazette Records),2020-09-01,0.185,vahan_e2w_registrations_monthly.csv,generated_proxy,No
2020,10,2020-10,Gujarat,GJ,272,147059,MoRTH Vahan 4.0 Dashboard (Official Registration Gazette Records),2020-10-01,0.185,vahan_e2w_registrations_monthly.csv,generated_proxy,No
2020,11,2020-11,Gujarat,GJ,264,142857,MoRTH Vahan 4.0 Dashboard (Official Registration Gazette Records),2020-11-01,0.1848,vahan_e2w_registrations_monthly.csv,generated_proxy,No
2020,12,2020-12,Gujarat,GJ,217,117647,MoRTH Vahan 4.0 Dashboard (Official Registration Gazette Records),2020-12-01,0.1845,vahan_e2w_registrations_monthly.csv,generated_proxy,No
2021,1,2021-01,Gujarat,GJ,1021,105042,MoRTH Vahan 4.0 Dashboard (Official Registration Gazette Records),2021-01-01,0.972,vahan_e2w_registrations_monthly.csv,generated_proxy,No
2021,2,2021-02,Gujarat,GJ,1062,109244,MoRTH Vahan 4.0 Dashboard (Official Registration Gazette Records),2021-02-01,0.9721,vahan_e2w_registrations_monthly.csv,generated_proxy,No
2021,3,2021-03,Gujarat,GJ,1294,133053,MoRTH Vahan 4.0 Dashboard (Official Registration Gazette Records),2021-03-01,0.9725,vahan_e2w_registrations_monthly.csv,generated_proxy,No
2021,4,2021-04,Gujarat,GJ,981,100840,MoRTH Vahan 4.0 Dashboard (Official Registration Gazette Records),2021-04-01,0.9728,vahan_e2w_registrations_monthly.csv,generated_proxy,No
2021,5,2021-05,Gujarat,GJ,953,98039,MoRTH Vahan 4.0 Dashboard (Official Registration Gazette Records),2021-05-01,0.9721,vahan_e2w_registrations_monthly.csv,generated_proxy,No
2021,6,2021-06,Gujarat,GJ,994,102241,MoRTH Vahan 4.0 Dashboard (Official Registration Gazette Records),2021-06-01,0.9722,vahan_e2w_registrations_monthly.csv,generated_proxy,No
2021,7,2021-07,Gujarat,GJ,1035,106443,MoRTH Vahan 4.0 Dashboard (Official Registration Gazette Records),2021-07-01,0.9724,vahan_e2w_registrations_monthly.csv,generated_proxy,No
2021,8,2021-08,Gujarat,GJ,1117,114846,MoRTH Vahan 4.0 Dashboard (Official Registration Gazette Records),2021-08-01,0.9726,vahan_e2w_registrations_monthly.csv,generated_proxy,No
2021,9,2021-09,Gujarat,GJ,1198,123249,MoRTH Vahan 4.0 Dashboard (Official Registration Gazette Records),2021-09-01,0.972,vahan_e2w_registrations_monthly.csv,generated_proxy,No
2021,10,2021-10,Gujarat,GJ,1430,147059,MoRTH Vahan 4.0 Dashboard (Official Registration Gazette Records),2021-10-01,0.9724,vahan_e2w_registrations_monthly.csv,generated_proxy,No
2021,11,2021-11,Gujarat,GJ,1389,142857,MoRTH Vahan 4.0 Dashboard (Official Registration Gazette Records),2021-11-01,0.9723,vahan_e2w_registrations_monthly.csv,generated_proxy,No
2021,12,2021-12,Gujarat,GJ,1144,117647,MoRTH Vahan 4.0 Dashboard (Official Registration Gazette Records),2021-12-01,0.9724,vahan_e2w_registrations_monthly.csv,generated_proxy,No
2022,1,2022-01,Gujarat,GJ,4384,105042,MoRTH Vahan 4.0 Dashboard (Official Registration Gazette Records),2022-01-01,4.1736,vahan_e2w_registrations_monthly.csv,generated_proxy,No
2022,2,2022-02,Gujarat,GJ,4560,109244,MoRTH Vahan 4.0 Dashboard (Official Registration Gazette Records),2022-02-01,4.1741,vahan_e2w_registrations_monthly.csv,generated_proxy,No
2022,3,2022-03,Gujarat,GJ,5554,133053,MoRTH Vahan 4.0 Dashboard (Official Registration Gazette Records),2022-03-01,4.1743,vahan_e2w_registrations_monthly.csv,generated_proxy,No
2022,4,2022-04,Gujarat,GJ,4209,100840,MoRTH Vahan 4.0 Dashboard (Official Registration Gazette Records),2022-04-01,4.1739,vahan_e2w_registrations_monthly.csv,generated_proxy,No
2022,5,2022-05,Gujarat,GJ,4092,98039,MoRTH Vahan 4.0 Dashboard (Official Registration Gazette Records),2022-05-01,4.1738,vahan_e2w_registrations_monthly.csv,generated_proxy,No
2022,6,2022-06,Gujarat,GJ,4268,102241,MoRTH Vahan 4.0 Dashboard (Official Registration Gazette Records),2022-06-01,4.1745,vahan_e2w_registrations_monthly.csv,generated_proxy,No
2022,7,2022-07,Gujarat,GJ,4443,106443,MoRTH Vahan 4.0 Dashboard (Official Registration Gazette Records),2022-07-01,4.1741,vahan_e2w_registrations_monthly.csv,generated_proxy,No
2022,8,2022-08,Gujarat,GJ,4794,114846,MoRTH Vahan 4.0 Dashboard (Official Registration Gazette Records),2022-08-01,4.1743,vahan_e2w_registrations_monthly.csv,generated_proxy,No
2022,9,2022-09,Gujarat,GJ,5144,123249,MoRTH Vahan 4.0 Dashboard (Official Registration Gazette Records),2022-09-01,4.1737,vahan_e2w_registrations_monthly.csv,generated_proxy,No
2022,10,2022-10,Gujarat,GJ,6138,147059,MoRTH Vahan 4.0 Dashboard (Official Registration Gazette Records),2022-10-01,4.1738,vahan_e2w_registrations_monthly.csv,generated_proxy,No
2022,11,2022-11,Gujarat,GJ,5963,142857,MoRTH Vahan 4.0 Dashboard (Official Registration Gazette Records),2022-11-01,4.1741,vahan_e2w_registrations_monthly.csv,generated_proxy,No
2022,12,2022-12,Gujarat,GJ,4911,117647,MoRTH Vahan 4.0 Dashboard (Official Registration Gazette Records),2022-12-01,4.1744,vahan_e2w_registrations_monthly.csv,generated_proxy,No
2023,1,2023-01,Gujarat,GJ,6123,105042,MoRTH Vahan 4.0 Dashboard (Official Registration Gazette Records),2023-01-01,5.8291,vahan_e2w_registrations_monthly.csv,generated_proxy,No
2023,2,2023-02,Gujarat,GJ,6368,109244,MoRTH Vahan 4.0 Dashboard (Official Registration Gazette Records),2023-02-01,5.8292,vahan_e2w_registrations_monthly.csv,generated_proxy,No
2023,3,2023-03,Gujarat,GJ,7756,133053,MoRTH Vahan 4.0 Dashboard (Official Registration Gazette Records),2023-03-01,5.8293,vahan_e2w_registrations_monthly.csv,generated_proxy,No
2023,4,2023-04,Gujarat,GJ,5878,100840,MoRTH Vahan 4.0 Dashboard (Official Registration Gazette Records),2023-04-01,5.829,vahan_e2w_registrations_monthly.csv,generated_proxy,No
2023,5,2023-05,Gujarat,GJ,5715,98039,MoRTH Vahan 4.0 Dashboard (Official Registration Gazette Records),2023-05-01,5.8293,vahan_e2w_registrations_monthly.csv,generated_proxy,No
2023,6,2023-06,Gujarat,GJ,5960,102241,MoRTH Vahan 4.0 Dashboard (Official Registration Gazette Records),2023-06-01,5.8294,vahan_e2w_registrations_monthly.csv,generated_proxy,No
2023,7,2023-07,Gujarat,GJ,6205,106443,MoRTH Vahan 4.0 Dashboard (Official Registration Gazette Records),2023-07-01,5.8294,vahan_e2w_registrations_monthly.csv,generated_proxy,No
2023,8,2023-08,Gujarat,GJ,6695,114846,MoRTH Vahan 4.0 Dashboard (Official Registration Gazette Records),2023-08-01,5.8295,vahan_e2w_registrations_monthly.csv,generated_proxy,No
2023,9,2023-09,Gujarat,GJ,7184,123249,MoRTH Vahan 4.0 Dashboard (Official Registration Gazette Records),2023-09-01,5.8289,vahan_e2w_registrations_monthly.csv,generated_proxy,No
2023,10,2023-10,Gujarat,GJ,8572,147059,MoRTH Vahan 4.0 Dashboard (Official Registration Gazette Records),2023-10-01,5.829,vahan_e2w_registrations_monthly.csv,generated_proxy,No
2023,11,2023-11,Gujarat,GJ,8327,142857,MoRTH Vahan 4.0 Dashboard (Official Registration Gazette Records),2023-11-01,5.8289,vahan_e2w_registrations_monthly.csv,generated_proxy,No
2023,12,2023-12,Gujarat,GJ,6858,117647,MoRTH Vahan 4.0 Dashboard (Official Registration Gazette Records),2023-12-01,5.8293,vahan_e2w_registrations_monthly.csv,generated_proxy,No
2024,1,2024-01,Gujarat,GJ,8232,105042,MoRTH Vahan 4.0 Dashboard (Official Registration Gazette Records),2024-01-01,7.8369,vahan_e2w_registrations_monthly.csv,generated_proxy,No
2024,2,2024-02,Gujarat,GJ,8562,109244,MoRTH Vahan 4.0 Dashboard (Official Registration Gazette Records),2024-02-01,7.8375,vahan_e2w_registrations_monthly.csv,generated_proxy,No
2024,3,2024-03,Gujarat,GJ,10428,133053,MoRTH Vahan 4.0 Dashboard (Official Registration Gazette Records),2024-03-01,7.8375,vahan_e2w_registrations_monthly.csv,generated_proxy,No
2024,4,2024-04,Gujarat,GJ,7903,100840,MoRTH Vahan 4.0 Dashboard (Official Registration Gazette Records),2024-04-01,7.8372,vahan_e2w_registrations_monthly.csv,generated_proxy,No
2024,5,2024-05,Gujarat,GJ,7684,98039,MoRTH Vahan 4.0 Dashboard (Official Registration Gazette Records),2024-05-01,7.8377,vahan_e2w_registrations_monthly.csv,generated_proxy,No
2024,6,2024-06,Gujarat,GJ,8013,102241,MoRTH Vahan 4.0 Dashboard (Official Registration Gazette Records),2024-06-01,7.8374,vahan_e2w_registrations_monthly.csv,generated_proxy,No
2024,7,2024-07,Gujarat,GJ,8342,106443,MoRTH Vahan 4.0 Dashboard (Official Registration Gazette Records),2024-07-01,7.8371,vahan_e2w_registrations_monthly.csv,generated_proxy,No
2024,8,2024-08,Gujarat,GJ,9001,114846,MoRTH Vahan 4.0 Dashboard (Official Registration Gazette Records),2024-08-01,7.8375,vahan_e2w_registrations_monthly.csv,generated_proxy,No
2024,9,2024-09,Gujarat,GJ,9659,123249,MoRTH Vahan 4.0 Dashboard (Official Registration Gazette Records),2024-09-01,7.837,vahan_e2w_registrations_monthly.csv,generated_proxy,No
2024,10,2024-10,Gujarat,GJ,11525,147059,MoRTH Vahan 4.0 Dashboard (Official Registration Gazette Records),2024-10-01,7.837,vahan_e2w_registrations_monthly.csv,generated_proxy,No
2024,11,2024-11,Gujarat,GJ,11196,142857,MoRTH Vahan 4.0 Dashboard (Official Registration Gazette Records),2024-11-01,7.8372,vahan_e2w_registrations_monthly.csv,generated_proxy,No
2024,12,2024-12,Gujarat,GJ,9220,117647,MoRTH Vahan 4.0 Dashboard (Official Registration Gazette Records),2024-12-01,7.837,vahan_e2w_registrations_monthly.csv,generated_proxy,No
2025,1,2025-01,Gujarat,GJ,8012,105042,MoRTH Vahan 4.0 Dashboard (Official Registration Gazette Records),2025-01-01,7.6274,vahan_e2w_registrations_monthly.csv,generated_proxy,No
2025,2,2025-02,Gujarat,GJ,8333,109244,MoRTH Vahan 4.0 Dashboard (Official Registration Gazette Records),2025-02-01,7.6279,vahan_e2w_registrations_monthly.csv,generated_proxy,No
2025,3,2025-03,Gujarat,GJ,10149,133053,MoRTH Vahan 4.0 Dashboard (Official Registration Gazette Records),2025-03-01,7.6278,vahan_e2w_registrations_monthly.csv,generated_proxy,No
2025,4,2025-04,Gujarat,GJ,7692,100840,MoRTH Vahan 4.0 Dashboard (Official Registration Gazette Records),2025-04-01,7.6279,vahan_e2w_registrations_monthly.csv,generated_proxy,No
2025,5,2025-05,Gujarat,GJ,7478,98039,MoRTH Vahan 4.0 Dashboard (Official Registration Gazette Records),2025-05-01,7.6276,vahan_e2w_registrations_monthly.csv,generated_proxy,No
2025,6,2025-06,Gujarat,GJ,7798,102241,MoRTH Vahan 4.0 Dashboard (Official Registration Gazette Records),2025-06-01,7.6271,vahan_e2w_registrations_monthly.csv,generated_proxy,No
2025,7,2025-07,Gujarat,GJ,8119,106443,MoRTH Vahan 4.0 Dashboard (Official Registration Gazette Records),2025-07-01,7.6276,vahan_e2w_registrations_monthly.csv,generated_proxy,No
2025,8,2025-08,Gujarat,GJ,8760,114846,MoRTH Vahan 4.0 Dashboard (Official Registration Gazette Records),2025-08-01,7.6276,vahan_e2w_registrations_monthly.csv,generated_proxy,No
2025,9,2025-09,Gujarat,GJ,9401,123249,MoRTH Vahan 4.0 Dashboard (Official Registration Gazette Records),2025-09-01,7.6276,vahan_e2w_registrations_monthly.csv,generated_proxy,No
2025,10,2025-10,Gujarat,GJ,11217,147059,MoRTH Vahan 4.0 Dashboard (Official Registration Gazette Records),2025-10-01,7.6276,vahan_e2w_registrations_monthly.csv,generated_proxy,No
2025,11,2025-11,Gujarat,GJ,10896,142857,MoRTH Vahan 4.0 Dashboard (Official Registration Gazette Records),2025-11-01,7.6272,vahan_e2w_registrations_monthly.csv,generated_proxy,No
2025,12,2025-12,Gujarat,GJ,8974,117647,MoRTH Vahan 4.0 Dashboard (Official Registration Gazette Records),2025-12-01,7.6279,vahan_e2w_registrations_monthly.csv,generated_proxy,No
2020,1,2020-01,Haryana,HR,20,43517,MoRTH Vahan 4.0 Dashboard (Official Registration Gazette Records),2020-01-01,0.046,vahan_e2w_registrations_monthly.csv,generated_proxy,No
2020,2,2020-02,Haryana,HR,21,45258,MoRTH Vahan 4.0 Dashboard (Official Registration Gazette Records),2020-02-01,0.0464,vahan_e2w_registrations_monthly.csv,generated_proxy,No
2020,3,2020-03,Haryana,HR,26,55122,MoRTH Vahan 4.0 Dashboard (Official Registration Gazette Records),2020-03-01,0.0472,vahan_e2w_registrations_monthly.csv,generated_proxy,No
2020,4,2020-04,Haryana,HR,20,41777,MoRTH Vahan 4.0 Dashboard (Official Registration Gazette Records),2020-04-01,0.0479,vahan_e2w_registrations_monthly.csv,generated_proxy,No
2020,5,2020-05,Haryana,HR,19,40616,MoRTH Vahan 4.0 Dashboard (Official Registration Gazette Records),2020-05-01,0.0468,vahan_e2w_registrations_monthly.csv,generated_proxy,No
2020,6,2020-06,Haryana,HR,20,42357,MoRTH Vahan 4.0 Dashboard (Official Registration Gazette Records),2020-06-01,0.0472,vahan_e2w_registrations_monthly.csv,generated_proxy,No
2020,7,2020-07,Haryana,HR,21,44098,MoRTH Vahan 4.0 Dashboard (Official Registration Gazette Records),2020-07-01,0.0476,vahan_e2w_registrations_monthly.csv,generated_proxy,No
2020,8,2020-08,Haryana,HR,22,47579,MoRTH Vahan 4.0 Dashboard (Official Registration Gazette Records),2020-08-01,0.0462,vahan_e2w_registrations_monthly.csv,generated_proxy,No
2020,9,2020-09,Haryana,HR,24,51060,MoRTH Vahan 4.0 Dashboard (Official Registration Gazette Records),2020-09-01,0.047,vahan_e2w_registrations_monthly.csv,generated_proxy,No
2020,10,2020-10,Haryana,HR,29,60924,MoRTH Vahan 4.0 Dashboard (Official Registration Gazette Records),2020-10-01,0.0476,vahan_e2w_registrations_monthly.csv,generated_proxy,No
2020,11,2020-11,Haryana,HR,28,59184,MoRTH Vahan 4.0 Dashboard (Official Registration Gazette Records),2020-11-01,0.0473,vahan_e2w_registrations_monthly.csv,generated_proxy,No
2020,12,2020-12,Haryana,HR,23,48739,MoRTH Vahan 4.0 Dashboard (Official Registration Gazette Records),2020-12-01,0.0472,vahan_e2w_registrations_monthly.csv,generated_proxy,No
2021,1,2021-01,Haryana,HR,108,43517,MoRTH Vahan 4.0 Dashboard (Official Registration Gazette Records),2021-01-01,0.2482,vahan_e2w_registrations_monthly.csv,generated_proxy,No
2021,2,2021-02,Haryana,HR,112,45258,MoRTH Vahan 4.0 Dashboard (Official Registration Gazette Records),2021-02-01,0.2475,vahan_e2w_registrations_monthly.csv,generated_proxy,No
2021,3,2021-03,Haryana,HR,136,55122,MoRTH Vahan 4.0 Dashboard (Official Registration Gazette Records),2021-03-01,0.2467,vahan_e2w_registrations_monthly.csv,generated_proxy,No
2021,4,2021-04,Haryana,HR,103,41777,MoRTH Vahan 4.0 Dashboard (Official Registration Gazette Records),2021-04-01,0.2465,vahan_e2w_registrations_monthly.csv,generated_proxy,No
2021,5,2021-05,Haryana,HR,100,40616,MoRTH Vahan 4.0 Dashboard (Official Registration Gazette Records),2021-05-01,0.2462,vahan_e2w_registrations_monthly.csv,generated_proxy,No
2021,6,2021-06,Haryana,HR,105,42357,MoRTH Vahan 4.0 Dashboard (Official Registration Gazette Records),2021-06-01,0.2479,vahan_e2w_registrations_monthly.csv,generated_proxy,No
2021,7,2021-07,Haryana,HR,109,44098,MoRTH Vahan 4.0 Dashboard (Official Registration Gazette Records),2021-07-01,0.2472,vahan_e2w_registrations_monthly.csv,generated_proxy,No
2021,8,2021-08,Haryana,HR,118,47579,MoRTH Vahan 4.0 Dashboard (Official Registration Gazette Records),2021-08-01,0.248,vahan_e2w_registrations_monthly.csv,generated_proxy,No
2021,9,2021-09,Haryana,HR,126,51060,MoRTH Vahan 4.0 Dashboard (Official Registration Gazette Records),2021-09-01,0.2468,vahan_e2w_registrations_monthly.csv,generated_proxy,No
2021,10,2021-10,Haryana,HR,151,60924,MoRTH Vahan 4.0 Dashboard (Official Registration Gazette Records),2021-10-01,0.2478,vahan_e2w_registrations_monthly.csv,generated_proxy,No
2021,11,2021-11,Haryana,HR,146,59184,MoRTH Vahan 4.0 Dashboard (Official Registration Gazette Records),2021-11-01,0.2467,vahan_e2w_registrations_monthly.csv,generated_proxy,No
2021,12,2021-12,Haryana,HR,120,48739,MoRTH Vahan 4.0 Dashboard (Official Registration Gazette Records),2021-12-01,0.2462,vahan_e2w_registrations_monthly.csv,generated_proxy,No
2022,1,2022-01,Haryana,HR,462,43517,MoRTH Vahan 4.0 Dashboard (Official Registration Gazette Records),2022-01-01,1.0617,vahan_e2w_registrations_monthly.csv,generated_proxy,No
2022,2,2022-02,Haryana,HR,480,45258,MoRTH Vahan 4.0 Dashboard (Official Registration Gazette Records),2022-02-01,1.0606,vahan_e2w_registrations_monthly.csv,generated_proxy,No
2022,3,2022-03,Haryana,HR,585,55122,MoRTH Vahan 4.0 Dashboard (Official Registration Gazette Records),2022-03-01,1.0613,vahan_e2w_registrations_monthly.csv,generated_proxy,No
2022,4,2022-04,Haryana,HR,443,41777,MoRTH Vahan 4.0 Dashboard (Official Registration Gazette Records),2022-04-01,1.0604,vahan_e2w_registrations_monthly.csv,generated_proxy,No
2022,5,2022-05,Haryana,HR,431,40616,MoRTH Vahan 4.0 Dashboard (Official Registration Gazette Records),2022-05-01,1.0612,vahan_e2w_registrations_monthly.csv,generated_proxy,No
2022,6,2022-06,Haryana,HR,449,42357,MoRTH Vahan 4.0 Dashboard (Official Registration Gazette Records),2022-06-01,1.06,vahan_e2w_registrations_monthly.csv,generated_proxy,No
2022,7,2022-07,Haryana,HR,468,44098,MoRTH Vahan 4.0 Dashboard (Official Registration Gazette Records),2022-07-01,1.0613,vahan_e2w_registrations_monthly.csv,generated_proxy,No
2022,8,2022-08,Haryana,HR,505,47579,MoRTH Vahan 4.0 Dashboard (Official Registration Gazette Records),2022-08-01,1.0614,vahan_e2w_registrations_monthly.csv,generated_proxy,No
2022,9,2022-09,Haryana,HR,542,51060,MoRTH Vahan 4.0 Dashboard (Official Registration Gazette Records),2022-09-01,1.0615,vahan_e2w_registrations_monthly.csv,generated_proxy,No
2022,10,2022-10,Haryana,HR,646,60924,MoRTH Vahan 4.0 Dashboard (Official Registration Gazette Records),2022-10-01,1.0603,vahan_e2w_registrations_monthly.csv,generated_proxy,No
2022,11,2022-11,Haryana,HR,628,59184,MoRTH Vahan 4.0 Dashboard (Official Registration Gazette Records),2022-11-01,1.0611,vahan_e2w_registrations_monthly.csv,generated_proxy,No
2022,12,2022-12,Haryana,HR,517,48739,MoRTH Vahan 4.0 Dashboard (Official Registration Gazette Records),2022-12-01,1.0608,vahan_e2w_registrations_monthly.csv,generated_proxy,No
2023,1,2023-01,Haryana,HR,645,43517,MoRTH Vahan 4.0 Dashboard (Official Registration Gazette Records),2023-01-01,1.4822,vahan_e2w_registrations_monthly.csv,generated_proxy,No
2023,2,2023-02,Haryana,HR,670,45258,MoRTH Vahan 4.0 Dashboard (Official Registration Gazette Records),2023-02-01,1.4804,vahan_e2w_registrations_monthly.csv,generated_proxy,No
2023,3,2023-03,Haryana,HR,816,55122,MoRTH Vahan 4.0 Dashboard (Official Registration Gazette Records),2023-03-01,1.4804,vahan_e2w_registrations_monthly.csv,generated_proxy,No
2023,4,2023-04,Haryana,HR,619,41777,MoRTH Vahan 4.0 Dashboard (Official Registration Gazette Records),2023-04-01,1.4817,vahan_e2w_registrations_monthly.csv,generated_proxy,No
2023,5,2023-05,Haryana,HR,602,40616,MoRTH Vahan 4.0 Dashboard (Official Registration Gazette Records),2023-05-01,1.4822,vahan_e2w_registrations_monthly.csv,generated_proxy,No
2023,6,2023-06,Haryana,HR,627,42357,MoRTH Vahan 4.0 Dashboard (Official Registration Gazette Records),2023-06-01,1.4803,vahan_e2w_registrations_monthly.csv,generated_proxy,No
2023,7,2023-07,Haryana,HR,653,44098,MoRTH Vahan 4.0 Dashboard (Official Registration Gazette Records),2023-07-01,1.4808,vahan_e2w_registrations_monthly.csv,generated_proxy,No
2023,8,2023-08,Haryana,HR,705,47579,MoRTH Vahan 4.0 Dashboard (Official Registration Gazette Records),2023-08-01,1.4817,vahan_e2w_registrations_monthly.csv,generated_proxy,No
2023,9,2023-09,Haryana,HR,756,51060,MoRTH Vahan 4.0 Dashboard (Official Registration Gazette Records),2023-09-01,1.4806,vahan_e2w_registrations_monthly.csv,generated_proxy,No
2023,10,2023-10,Haryana,HR,902,60924,MoRTH Vahan 4.0 Dashboard (Official Registration Gazette Records),2023-10-01,1.4805,vahan_e2w_registrations_monthly.csv,generated_proxy,No
2023,11,2023-11,Haryana,HR,877,59184,MoRTH Vahan 4.0 Dashboard (Official Registration Gazette Records),2023-11-01,1.4818,vahan_e2w_registrations_monthly.csv,generated_proxy,No
2023,12,2023-12,Haryana,HR,722,48739,MoRTH Vahan 4.0 Dashboard (Official Registration Gazette Records),2023-12-01,1.4814,vahan_e2w_registrations_monthly.csv,generated_proxy,No
2024,1,2024-01,Haryana,HR,867,43517,MoRTH Vahan 4.0 Dashboard (Official Registration Gazette Records),2024-01-01,1.9923,vahan_e2w_registrations_monthly.csv,generated_proxy,No
2024,2,2024-02,Haryana,HR,901,45258,MoRTH Vahan 4.0 Dashboard (Official Registration Gazette Records),2024-02-01,1.9908,vahan_e2w_registrations_monthly.csv,generated_proxy,No
2024,3,2024-03,Haryana,HR,1098,55122,MoRTH Vahan 4.0 Dashboard (Official Registration Gazette Records),2024-03-01,1.9919,vahan_e2w_registrations_monthly.csv,generated_proxy,No
2024,4,2024-04,Haryana,HR,832,41777,MoRTH Vahan 4.0 Dashboard (Official Registration Gazette Records),2024-04-01,1.9915,vahan_e2w_registrations_monthly.csv,generated_proxy,No
2024,5,2024-05,Haryana,HR,809,40616,MoRTH Vahan 4.0 Dashboard (Official Registration Gazette Records),2024-05-01,1.9918,vahan_e2w_registrations_monthly.csv,generated_proxy,No
2024,6,2024-06,Haryana,HR,843,42357,MoRTH Vahan 4.0 Dashboard (Official Registration Gazette Records),2024-06-01,1.9902,vahan_e2w_registrations_monthly.csv,generated_proxy,No
2024,7,2024-07,Haryana,HR,878,44098,MoRTH Vahan 4.0 Dashboard (Official Registration Gazette Records),2024-07-01,1.991,vahan_e2w_registrations_monthly.csv,generated_proxy,No
2024,8,2024-08,Haryana,HR,947,47579,MoRTH Vahan 4.0 Dashboard (Official Registration Gazette Records),2024-08-01,1.9904,vahan_e2w_registrations_monthly.csv,generated_proxy,No
2024,9,2024-09,Haryana,HR,1017,51060,MoRTH Vahan 4.0 Dashboard (Official Registration Gazette Records),2024-09-01,1.9918,vahan_e2w_registrations_monthly.csv,generated_proxy,No
2024,10,2024-10,Haryana,HR,1213,60924,MoRTH Vahan 4.0 Dashboard (Official Registration Gazette Records),2024-10-01,1.991,vahan_e2w_registrations_monthly.csv,generated_proxy,No
2024,11,2024-11,Haryana,HR,1179,59184,MoRTH Vahan 4.0 Dashboard (Official Registration Gazette Records),2024-11-01,1.9921,vahan_e2w_registrations_monthly.csv,generated_proxy,No
2024,12,2024-12,Haryana,HR,971,48739,MoRTH Vahan 4.0 Dashboard (Official Registration Gazette Records),2024-12-01,1.9922,vahan_e2w_registrations_monthly.csv,generated_proxy,No
2025,1,2025-01,Haryana,HR,843,43517,MoRTH Vahan 4.0 Dashboard (Official Registration Gazette Records),2025-01-01,1.9372,vahan_e2w_registrations_monthly.csv,generated_proxy,No
2025,2,2025-02,Haryana,HR,877,45258,MoRTH Vahan 4.0 Dashboard (Official Registration Gazette Records),2025-02-01,1.9378,vahan_e2w_registrations_monthly.csv,generated_proxy,No
2025,3,2025-03,Haryana,HR,1068,55122,MoRTH Vahan 4.0 Dashboard (Official Registration Gazette Records),2025-03-01,1.9375,vahan_e2w_registrations_monthly.csv,generated_proxy,No
2025,4,2025-04,Haryana,HR,810,41777,MoRTH Vahan 4.0 Dashboard (Official Registration Gazette Records),2025-04-01,1.9389,vahan_e2w_registrations_monthly.csv,generated_proxy,No
2025,5,2025-05,Haryana,HR,787,40616,MoRTH Vahan 4.0 Dashboard (Official Registration Gazette Records),2025-05-01,1.9377,vahan_e2w_registrations_monthly.csv,generated_proxy,No
2025,6,2025-06,Haryana,HR,821,42357,MoRTH Vahan 4.0 Dashboard (Official Registration Gazette Records),2025-06-01,1.9383,vahan_e2w_registrations_monthly.csv,generated_proxy,No
2025,7,2025-07,Haryana,HR,855,44098,MoRTH Vahan 4.0 Dashboard (Official Registration Gazette Records),2025-07-01,1.9389,vahan_e2w_registrations_monthly.csv,generated_proxy,No
2025,8,2025-08,Haryana,HR,922,47579,MoRTH Vahan 4.0 Dashboard (Official Registration Gazette Records),2025-08-01,1.9378,vahan_e2w_registrations_monthly.csv,generated_proxy,No
2025,9,2025-09,Haryana,HR,990,51060,MoRTH Vahan 4.0 Dashboard (Official Registration Gazette Records),2025-09-01,1.9389,vahan_e2w_registrations_monthly.csv,generated_proxy,No
2025,10,2025-10,Haryana,HR,1181,60924,MoRTH Vahan 4.0 Dashboard (Official Registration Gazette Records),2025-10-01,1.9385,vahan_e2w_registrations_monthly.csv,generated_proxy,No
2025,11,2025-11,Haryana,HR,1147,59184,MoRTH Vahan 4.0 Dashboard (Official Registration Gazette Records),2025-11-01,1.938,vahan_e2w_registrations_monthly.csv,generated_proxy,No
2025,12,2025-12,Haryana,HR,945,48739,MoRTH Vahan 4.0 Dashboard (Official Registration Gazette Records),2025-12-01,1.9389,vahan_e2w_registrations_monthly.csv,generated_proxy,No
2020,1,2020-01,Karnataka,KA,307,138806,MoRTH Vahan 4.0 Dashboard (Official Registration Gazette Records),2020-01-01,0.2212,vahan_e2w_registrations_monthly.csv,generated_proxy,No
2020,2,2020-02,Karnataka,KA,319,144358,MoRTH Vahan 4.0 Dashboard (Official Registration Gazette Records),2020-02-01,0.221,vahan_e2w_registrations_monthly.csv,generated_proxy,No
2020,3,2020-03,Karnataka,KA,388,175820,MoRTH Vahan 4.0 Dashboard (Official Registration Gazette Records),2020-03-01,0.2207,vahan_e2w_registrations_monthly.csv,generated_proxy,No
2020,4,2020-04,Karnataka,KA,294,133253,MoRTH Vahan 4.0 Dashboard (Official Registration Gazette Records),2020-04-01,0.2206,vahan_e2w_registrations_monthly.csv,generated_proxy,No
2020,5,2020-05,Karnataka,KA,286,129552,MoRTH Vahan 4.0 Dashboard (Official Registration Gazette Records),2020-05-01,0.2208,vahan_e2w_registrations_monthly.csv,generated_proxy,No
2020,6,2020-06,Karnataka,KA,298,135104,MoRTH Vahan 4.0 Dashboard (Official Registration Gazette Records),2020-06-01,0.2206,vahan_e2w_registrations_monthly.csv,generated_proxy,No
2020,7,2020-07,Karnataka,KA,311,140656,MoRTH Vahan 4.0 Dashboard (Official Registration Gazette Records),2020-07-01,0.2211,vahan_e2w_registrations_monthly.csv,generated_proxy,No
2020,8,2020-08,Karnataka,KA,335,151761,MoRTH Vahan 4.0 Dashboard (Official Registration Gazette Records),2020-08-01,0.2207,vahan_e2w_registrations_monthly.csv,generated_proxy,No
2020,9,2020-09,Karnataka,KA,360,162865,MoRTH Vahan 4.0 Dashboard (Official Registration Gazette Records),2020-09-01,0.221,vahan_e2w_registrations_monthly.csv,generated_proxy,No
2020,10,2020-10,Karnataka,KA,429,194328,MoRTH Vahan 4.0 Dashboard (Official Registration Gazette Records),2020-10-01,0.2208,vahan_e2w_registrations_monthly.csv,generated_proxy,No
2020,11,2020-11,Karnataka,KA,417,188776,MoRTH Vahan 4.0 Dashboard (Official Registration Gazette Records),2020-11-01,0.2209,vahan_e2w_registrations_monthly.csv,generated_proxy,No
2020,12,2020-12,Karnataka,KA,343,155462,MoRTH Vahan 4.0 Dashboard (Official Registration Gazette Records),2020-12-01,0.2206,vahan_e2w_registrations_monthly.csv,generated_proxy,No
2021,1,2021-01,Karnataka,KA,1613,138806,MoRTH Vahan 4.0 Dashboard (Official Registration Gazette Records),2021-01-01,1.1621,vahan_e2w_registrations_monthly.csv,generated_proxy,No
2021,2,2021-02,Karnataka,KA,1677,144358,MoRTH Vahan 4.0 Dashboard (Official Registration Gazette Records),2021-02-01,1.1617,vahan_e2w_registrations_monthly.csv,generated_proxy,No
2021,3,2021-03,Karnataka,KA,2043,175820,MoRTH Vahan 4.0 Dashboard (Official Registration Gazette Records),2021-03-01,1.162,vahan_e2w_registrations_monthly.csv,generated_proxy,No
2021,4,2021-04,Karnataka,KA,1548,133253,MoRTH Vahan 4.0 Dashboard (Official Registration Gazette Records),2021-04-01,1.1617,vahan_e2w_registrations_monthly.csv,generated_proxy,No
2021,5,2021-05,Karnataka,KA,1505,129552,MoRTH Vahan 4.0 Dashboard (Official Registration Gazette Records),2021-05-01,1.1617,vahan_e2w_registrations_monthly.csv,generated_proxy,No
2021,6,2021-06,Karnataka,KA,1570,135104,MoRTH Vahan 4.0 Dashboard (Official Registration Gazette Records),2021-06-01,1.1621,vahan_e2w_registrations_monthly.csv,generated_proxy,No
2021,7,2021-07,Karnataka,KA,1634,140656,MoRTH Vahan 4.0 Dashboard (Official Registration Gazette Records),2021-07-01,1.1617,vahan_e2w_registrations_monthly.csv,generated_proxy,No
2021,8,2021-08,Karnataka,KA,1763,151761,MoRTH Vahan 4.0 Dashboard (Official Registration Gazette Records),2021-08-01,1.1617,vahan_e2w_registrations_monthly.csv,generated_proxy,No
2021,9,2021-09,Karnataka,KA,1892,162865,MoRTH Vahan 4.0 Dashboard (Official Registration Gazette Records),2021-09-01,1.1617,vahan_e2w_registrations_monthly.csv,generated_proxy,No
2021,10,2021-10,Karnataka,KA,2258,194328,MoRTH Vahan 4.0 Dashboard (Official Registration Gazette Records),2021-10-01,1.162,vahan_e2w_registrations_monthly.csv,generated_proxy,No
2021,11,2021-11,Karnataka,KA,2193,188776,MoRTH Vahan 4.0 Dashboard (Official Registration Gazette Records),2021-11-01,1.1617,vahan_e2w_registrations_monthly.csv,generated_proxy,No
2021,12,2021-12,Karnataka,KA,1806,155462,MoRTH Vahan 4.0 Dashboard (Official Registration Gazette Records),2021-12-01,1.1617,vahan_e2w_registrations_monthly.csv,generated_proxy,No
2022,1,2022-01,Karnataka,KA,6923,138806,MoRTH Vahan 4.0 Dashboard (Official Registration Gazette Records),2022-01-01,4.9875,vahan_e2w_registrations_monthly.csv,generated_proxy,No
2022,2,2022-02,Karnataka,KA,7200,144358,MoRTH Vahan 4.0 Dashboard (Official Registration Gazette Records),2022-02-01,4.9876,vahan_e2w_registrations_monthly.csv,generated_proxy,No
2022,3,2022-03,Karnataka,KA,8769,175820,MoRTH Vahan 4.0 Dashboard (Official Registration Gazette Records),2022-03-01,4.9875,vahan_e2w_registrations_monthly.csv,generated_proxy,No
2022,4,2022-04,Karnataka,KA,6646,133253,MoRTH Vahan 4.0 Dashboard (Official Registration Gazette Records),2022-04-01,4.9875,vahan_e2w_registrations_monthly.csv,generated_proxy,No
2022,5,2022-05,Karnataka,KA,6461,129552,MoRTH Vahan 4.0 Dashboard (Official Registration Gazette Records),2022-05-01,4.9872,vahan_e2w_registrations_monthly.csv,generated_proxy,No
2022,6,2022-06,Karnataka,KA,6738,135104,MoRTH Vahan 4.0 Dashboard (Official Registration Gazette Records),2022-06-01,4.9873,vahan_e2w_registrations_monthly.csv,generated_proxy,No
2022,7,2022-07,Karnataka,KA,7015,140656,MoRTH Vahan 4.0 Dashboard (Official Registration Gazette Records),2022-07-01,4.9873,vahan_e2w_registrations_monthly.csv,generated_proxy,No
2022,8,2022-08,Karnataka,KA,7569,151761,MoRTH Vahan 4.0 Dashboard (Official Registration Gazette Records),2022-08-01,4.9874,vahan_e2w_registrations_monthly.csv,generated_proxy,No
2022,9,2022-09,Karnataka,KA,8123,162865,MoRTH Vahan 4.0 Dashboard (Official Registration Gazette Records),2022-09-01,4.9876,vahan_e2w_registrations_monthly.csv,generated_proxy,No
2022,10,2022-10,Karnataka,KA,9692,194328,MoRTH Vahan 4.0 Dashboard (Official Registration Gazette Records),2022-10-01,4.9874,vahan_e2w_registrations_monthly.csv,generated_proxy,No
2022,11,2022-11,Karnataka,KA,9415,188776,MoRTH Vahan 4.0 Dashboard (Official Registration Gazette Records),2022-11-01,4.9874,vahan_e2w_registrations_monthly.csv,generated_proxy,No
2022,12,2022-12,Karnataka,KA,7754,155462,MoRTH Vahan 4.0 Dashboard (Official Registration Gazette Records),2022-12-01,4.9877,vahan_e2w_registrations_monthly.csv,generated_proxy,No
2023,1,2023-01,Karnataka,KA,9668,138806,MoRTH Vahan 4.0 Dashboard (Official Registration Gazette Records),2023-01-01,6.9651,vahan_e2w_registrations_monthly.csv,generated_proxy,No
2023,2,2023-02,Karnataka,KA,10055,144358,MoRTH Vahan 4.0 Dashboard (Official Registration Gazette Records),2023-02-01,6.9653,vahan_e2w_registrations_monthly.csv,generated_proxy,No
2023,3,2023-03,Karnataka,KA,12246,175820,MoRTH Vahan 4.0 Dashboard (Official Registration Gazette Records),2023-03-01,6.9651,vahan_e2w_registrations_monthly.csv,generated_proxy,No
2023,4,2023-04,Karnataka,KA,9281,133253,MoRTH Vahan 4.0 Dashboard (Official Registration Gazette Records),2023-04-01,6.9649,vahan_e2w_registrations_monthly.csv,generated_proxy,No
2023,5,2023-05,Karnataka,KA,9023,129552,MoRTH Vahan 4.0 Dashboard (Official Registration Gazette Records),2023-05-01,6.9648,vahan_e2w_registrations_monthly.csv,generated_proxy,No
2023,6,2023-06,Karnataka,KA,9410,135104,MoRTH Vahan 4.0 Dashboard (Official Registration Gazette Records),2023-06-01,6.965,vahan_e2w_registrations_monthly.csv,generated_proxy,No
2023,7,2023-07,Karnataka,KA,9797,140656,MoRTH Vahan 4.0 Dashboard (Official Registration Gazette Records),2023-07-01,6.9652,vahan_e2w_registrations_monthly.csv,generated_proxy,No
2023,8,2023-08,Karnataka,KA,10570,151761,MoRTH Vahan 4.0 Dashboard (Official Registration Gazette Records),2023-08-01,6.9649,vahan_e2w_registrations_monthly.csv,generated_proxy,No
2023,9,2023-09,Karnataka,KA,11344,162865,MoRTH Vahan 4.0 Dashboard (Official Registration Gazette Records),2023-09-01,6.9653,vahan_e2w_registrations_monthly.csv,generated_proxy,No
2023,10,2023-10,Karnataka,KA,13535,194328,MoRTH Vahan 4.0 Dashboard (Official Registration Gazette Records),2023-10-01,6.965,vahan_e2w_registrations_monthly.csv,generated_proxy,No
2023,11,2023-11,Karnataka,KA,13148,188776,MoRTH Vahan 4.0 Dashboard (Official Registration Gazette Records),2023-11-01,6.9649,vahan_e2w_registrations_monthly.csv,generated_proxy,No
2023,12,2023-12,Karnataka,KA,10828,155462,MoRTH Vahan 4.0 Dashboard (Official Registration Gazette Records),2023-12-01,6.965,vahan_e2w_registrations_monthly.csv,generated_proxy,No
2024,1,2024-01,Karnataka,KA,12998,138806,MoRTH Vahan 4.0 Dashboard (Official Registration Gazette Records),2024-01-01,9.3641,vahan_e2w_registrations_monthly.csv,generated_proxy,No
2024,2,2024-02,Karnataka,KA,13518,144358,MoRTH Vahan 4.0 Dashboard (Official Registration Gazette Records),2024-02-01,9.3642,vahan_e2w_registrations_monthly.csv,generated_proxy,No
2024,3,2024-03,Karnataka,KA,16465,175820,MoRTH Vahan 4.0 Dashboard (Official Registration Gazette Records),2024-03-01,9.3647,vahan_e2w_registrations_monthly.csv,generated_proxy,No
2024,4,2024-04,Karnataka,KA,12479,133253,MoRTH Vahan 4.0 Dashboard (Official Registration Gazette Records),2024-04-01,9.3649,vahan_e2w_registrations_monthly.csv,generated_proxy,No
2024,5,2024-05,Karnataka,KA,12132,129552,MoRTH Vahan 4.0 Dashboard (Official Registration Gazette Records),2024-05-01,9.3646,vahan_e2w_registrations_monthly.csv,generated_proxy,No
2024,6,2024-06,Karnataka,KA,12652,135104,MoRTH Vahan 4.0 Dashboard (Official Registration Gazette Records),2024-06-01,9.3646,vahan_e2w_registrations_monthly.csv,generated_proxy,No
2024,7,2024-07,Karnataka,KA,13172,140656,MoRTH Vahan 4.0 Dashboard (Official Registration Gazette Records),2024-07-01,9.3647,vahan_e2w_registrations_monthly.csv,generated_proxy,No
2024,8,2024-08,Karnataka,KA,14212,151761,MoRTH Vahan 4.0 Dashboard (Official Registration Gazette Records),2024-08-01,9.3647,vahan_e2w_registrations_monthly.csv,generated_proxy,No
2024,9,2024-09,Karnataka,KA,15252,162865,MoRTH Vahan 4.0 Dashboard (Official Registration Gazette Records),2024-09-01,9.3648,vahan_e2w_registrations_monthly.csv,generated_proxy,No
2024,10,2024-10,Karnataka,KA,18198,194328,MoRTH Vahan 4.0 Dashboard (Official Registration Gazette Records),2024-10-01,9.3646,vahan_e2w_registrations_monthly.csv,generated_proxy,No
2024,11,2024-11,Karnataka,KA,17678,188776,MoRTH Vahan 4.0 Dashboard (Official Registration Gazette Records),2024-11-01,9.3645,vahan_e2w_registrations_monthly.csv,generated_proxy,No
2024,12,2024-12,Karnataka,KA,14558,155462,MoRTH Vahan 4.0 Dashboard (Official Registration Gazette Records),2024-12-01,9.3643,vahan_e2w_registrations_monthly.csv,generated_proxy,No
2025,1,2025-01,Karnataka,KA,12651,138806,MoRTH Vahan 4.0 Dashboard (Official Registration Gazette Records),2025-01-01,9.1142,vahan_e2w_registrations_monthly.csv,generated_proxy,No
2025,2,2025-02,Karnataka,KA,13157,144358,MoRTH Vahan 4.0 Dashboard (Official Registration Gazette Records),2025-02-01,9.1141,vahan_e2w_registrations_monthly.csv,generated_proxy,No
2025,3,2025-03,Karnataka,KA,16024,175820,MoRTH Vahan 4.0 Dashboard (Official Registration Gazette Records),2025-03-01,9.1139,vahan_e2w_registrations_monthly.csv,generated_proxy,No
2025,4,2025-04,Karnataka,KA,12145,133253,MoRTH Vahan 4.0 Dashboard (Official Registration Gazette Records),2025-04-01,9.1142,vahan_e2w_registrations_monthly.csv,generated_proxy,No
2025,5,2025-05,Karnataka,KA,11807,129552,MoRTH Vahan 4.0 Dashboard (Official Registration Gazette Records),2025-05-01,9.1137,vahan_e2w_registrations_monthly.csv,generated_proxy,No
2025,6,2025-06,Karnataka,KA,12313,135104,MoRTH Vahan 4.0 Dashboard (Official Registration Gazette Records),2025-06-01,9.1137,vahan_e2w_registrations_monthly.csv,generated_proxy,No
2025,7,2025-07,Karnataka,KA,12819,140656,MoRTH Vahan 4.0 Dashboard (Official Registration Gazette Records),2025-07-01,9.1137,vahan_e2w_registrations_monthly.csv,generated_proxy,No
2025,8,2025-08,Karnataka,KA,13831,151761,MoRTH Vahan 4.0 Dashboard (Official Registration Gazette Records),2025-08-01,9.1137,vahan_e2w_registrations_monthly.csv,generated_proxy,No
2025,9,2025-09,Karnataka,KA,14843,162865,MoRTH Vahan 4.0 Dashboard (Official Registration Gazette Records),2025-09-01,9.1137,vahan_e2w_registrations_monthly.csv,generated_proxy,No
2025,10,2025-10,Karnataka,KA,17711,194328,MoRTH Vahan 4.0 Dashboard (Official Registration Gazette Records),2025-10-01,9.114,vahan_e2w_registrations_monthly.csv,generated_proxy,No
2025,11,2025-11,Karnataka,KA,17205,188776,MoRTH Vahan 4.0 Dashboard (Official Registration Gazette Records),2025-11-01,9.114,vahan_e2w_registrations_monthly.csv,generated_proxy,No
2025,12,2025-12,Karnataka,KA,14169,155462,MoRTH Vahan 4.0 Dashboard (Official Registration Gazette Records),2025-12-01,9.1141,vahan_e2w_registrations_monthly.csv,generated_proxy,No
2020,1,2020-01,Kerala,KL,133,56273,MoRTH Vahan 4.0 Dashboard (Official Registration Gazette Records),2020-01-01,0.2363,vahan_e2w_registrations_monthly.csv,generated_proxy,No
2020,2,2020-02,Kerala,KL,138,58523,MoRTH Vahan 4.0 Dashboard (Official Registration Gazette Records),2020-02-01,0.2358,vahan_e2w_registrations_monthly.csv,generated_proxy,No
2020,3,2020-03,Kerala,KL,168,71279,MoRTH Vahan 4.0 Dashboard (Official Registration Gazette Records),2020-03-01,0.2357,vahan_e2w_registrations_monthly.csv,generated_proxy,No
2020,4,2020-04,Kerala,KL,128,54022,MoRTH Vahan 4.0 Dashboard (Official Registration Gazette Records),2020-04-01,0.2369,vahan_e2w_registrations_monthly.csv,generated_proxy,No
2020,5,2020-05,Kerala,KL,124,52521,MoRTH Vahan 4.0 Dashboard (Official Registration Gazette Records),2020-05-01,0.2361,vahan_e2w_registrations_monthly.csv,generated_proxy,No
2020,6,2020-06,Kerala,KL,129,54772,MoRTH Vahan 4.0 Dashboard (Official Registration Gazette Records),2020-06-01,0.2355,vahan_e2w_registrations_monthly.csv,generated_proxy,No
2020,7,2020-07,Kerala,KL,135,57023,MoRTH Vahan 4.0 Dashboard (Official Registration Gazette Records),2020-07-01,0.2367,vahan_e2w_registrations_monthly.csv,generated_proxy,No
2020,8,2020-08,Kerala,KL,145,61525,MoRTH Vahan 4.0 Dashboard (Official Registration Gazette Records),2020-08-01,0.2357,vahan_e2w_registrations_monthly.csv,generated_proxy,No
2020,9,2020-09,Kerala,KL,156,66026,MoRTH Vahan 4.0 Dashboard (Official Registration Gazette Records),2020-09-01,0.2363,vahan_e2w_registrations_monthly.csv,generated_proxy,No
2020,10,2020-10,Kerala,KL,186,78782,MoRTH Vahan 4.0 Dashboard (Official Registration Gazette Records),2020-10-01,0.2361,vahan_e2w_registrations_monthly.csv,generated_proxy,No
2020,11,2020-11,Kerala,KL,181,76531,MoRTH Vahan 4.0 Dashboard (Official Registration Gazette Records),2020-11-01,0.2365,vahan_e2w_registrations_monthly.csv,generated_proxy,No
2020,12,2020-12,Kerala,KL,149,63025,MoRTH Vahan 4.0 Dashboard (Official Registration Gazette Records),2020-12-01,0.2364,vahan_e2w_registrations_monthly.csv,generated_proxy,No
2021,1,2021-01,Kerala,KL,699,56273,MoRTH Vahan 4.0 Dashboard (Official Registration Gazette Records),2021-01-01,1.2422,vahan_e2w_registrations_monthly.csv,generated_proxy,No
2021,2,2021-02,Kerala,KL,727,58523,MoRTH Vahan 4.0 Dashboard (Official Registration Gazette Records),2021-02-01,1.2422,vahan_e2w_registrations_monthly.csv,generated_proxy,No
2021,3,2021-03,Kerala,KL,885,71279,MoRTH Vahan 4.0 Dashboard (Official Registration Gazette Records),2021-03-01,1.2416,vahan_e2w_registrations_monthly.csv,generated_proxy,No
2021,4,2021-04,Kerala,KL,671,54022,MoRTH Vahan 4.0 Dashboard (Official Registration Gazette Records),2021-04-01,1.2421,vahan_e2w_registrations_monthly.csv,generated_proxy,No
2021,5,2021-05,Kerala,KL,652,52521,MoRTH Vahan 4.0 Dashboard (Official Registration Gazette Records),2021-05-01,1.2414,vahan_e2w_registrations_monthly.csv,generated_proxy,No
2021,6,2021-06,Kerala,KL,680,54772,MoRTH Vahan 4.0 Dashboard (Official Registration Gazette Records),2021-06-01,1.2415,vahan_e2w_registrations_monthly.csv,generated_proxy,No
2021,7,2021-07,Kerala,KL,708,57023,MoRTH Vahan 4.0 Dashboard (Official Registration Gazette Records),2021-07-01,1.2416,vahan_e2w_registrations_monthly.csv,generated_proxy,No
2021,8,2021-08,Kerala,KL,764,61525,MoRTH Vahan 4.0 Dashboard (Official Registration Gazette Records),2021-08-01,1.2418,vahan_e2w_registrations_monthly.csv,generated_proxy,No
2021,9,2021-09,Kerala,KL,820,66026,MoRTH Vahan 4.0 Dashboard (Official Registration Gazette Records),2021-09-01,1.2419,vahan_e2w_registrations_monthly.csv,generated_proxy,No
2021,10,2021-10,Kerala,KL,978,78782,MoRTH Vahan 4.0 Dashboard (Official Registration Gazette Records),2021-10-01,1.2414,vahan_e2w_registrations_monthly.csv,generated_proxy,No
2021,11,2021-11,Kerala,KL,950,76531,MoRTH Vahan 4.0 Dashboard (Official Registration Gazette Records),2021-11-01,1.2413,vahan_e2w_registrations_monthly.csv,generated_proxy,No
2021,12,2021-12,Kerala,KL,783,63025,MoRTH Vahan 4.0 Dashboard (Official Registration Gazette Records),2021-12-01,1.2424,vahan_e2w_registrations_monthly.csv,generated_proxy,No
2022,1,2022-01,Kerala,KL,3000,56273,MoRTH Vahan 4.0 Dashboard (Official Registration Gazette Records),2022-01-01,5.3312,vahan_e2w_registrations_monthly.csv,generated_proxy,No
2022,2,2022-02,Kerala,KL,3120,58523,MoRTH Vahan 4.0 Dashboard (Official Registration Gazette Records),2022-02-01,5.3312,vahan_e2w_registrations_monthly.csv,generated_proxy,No
2022,3,2022-03,Kerala,KL,3800,71279,MoRTH Vahan 4.0 Dashboard (Official Registration Gazette Records),2022-03-01,5.3312,vahan_e2w_registrations_monthly.csv,generated_proxy,No
2022,4,2022-04,Kerala,KL,2880,54022,MoRTH Vahan 4.0 Dashboard (Official Registration Gazette Records),2022-04-01,5.3312,vahan_e2w_registrations_monthly.csv,generated_proxy,No
2022,5,2022-05,Kerala,KL,2800,52521,MoRTH Vahan 4.0 Dashboard (Official Registration Gazette Records),2022-05-01,5.3312,vahan_e2w_registrations_monthly.csv,generated_proxy,No
2022,6,2022-06,Kerala,KL,2920,54772,MoRTH Vahan 4.0 Dashboard (Official Registration Gazette Records),2022-06-01,5.3312,vahan_e2w_registrations_monthly.csv,generated_proxy,No
2022,7,2022-07,Kerala,KL,3040,57023,MoRTH Vahan 4.0 Dashboard (Official Registration Gazette Records),2022-07-01,5.3312,vahan_e2w_registrations_monthly.csv,generated_proxy,No
2022,8,2022-08,Kerala,KL,3280,61525,MoRTH Vahan 4.0 Dashboard (Official Registration Gazette Records),2022-08-01,5.3312,vahan_e2w_registrations_monthly.csv,generated_proxy,No
2022,9,2022-09,Kerala,KL,3520,66026,MoRTH Vahan 4.0 Dashboard (Official Registration Gazette Records),2022-09-01,5.3312,vahan_e2w_registrations_monthly.csv,generated_proxy,No
2022,10,2022-10,Kerala,KL,4200,78782,MoRTH Vahan 4.0 Dashboard (Official Registration Gazette Records),2022-10-01,5.3312,vahan_e2w_registrations_monthly.csv,generated_proxy,No
2022,11,2022-11,Kerala,KL,4080,76531,MoRTH Vahan 4.0 Dashboard (Official Registration Gazette Records),2022-11-01,5.3312,vahan_e2w_registrations_monthly.csv,generated_proxy,No
2022,12,2022-12,Kerala,KL,3360,63025,MoRTH Vahan 4.0 Dashboard (Official Registration Gazette Records),2022-12-01,5.3312,vahan_e2w_registrations_monthly.csv,generated_proxy,No
2023,1,2023-01,Kerala,KL,4189,56273,MoRTH Vahan 4.0 Dashboard (Official Registration Gazette Records),2023-01-01,7.4441,vahan_e2w_registrations_monthly.csv,generated_proxy,No
2023,2,2023-02,Kerala,KL,4357,58523,MoRTH Vahan 4.0 Dashboard (Official Registration Gazette Records),2023-02-01,7.4449,vahan_e2w_registrations_monthly.csv,generated_proxy,No
2023,3,2023-03,Kerala,KL,5307,71279,MoRTH Vahan 4.0 Dashboard (Official Registration Gazette Records),2023-03-01,7.4454,vahan_e2w_registrations_monthly.csv,generated_proxy,No
2023,4,2023-04,Kerala,KL,4022,54022,MoRTH Vahan 4.0 Dashboard (Official Registration Gazette Records),2023-04-01,7.4451,vahan_e2w_registrations_monthly.csv,generated_proxy,No
2023,5,2023-05,Kerala,KL,3910,52521,MoRTH Vahan 4.0 Dashboard (Official Registration Gazette Records),2023-05-01,7.4446,vahan_e2w_registrations_monthly.csv,generated_proxy,No
2023,6,2023-06,Kerala,KL,4078,54772,MoRTH Vahan 4.0 Dashboard (Official Registration Gazette Records),2023-06-01,7.4454,vahan_e2w_registrations_monthly.csv,generated_proxy,No
2023,7,2023-07,Kerala,KL,4245,57023,MoRTH Vahan 4.0 Dashboard (Official Registration Gazette Records),2023-07-01,7.4444,vahan_e2w_registrations_monthly.csv,generated_proxy,No
2023,8,2023-08,Kerala,KL,4580,61525,MoRTH Vahan 4.0 Dashboard (Official Registration Gazette Records),2023-08-01,7.4441,vahan_e2w_registrations_monthly.csv,generated_proxy,No
2023,9,2023-09,Kerala,KL,4916,66026,MoRTH Vahan 4.0 Dashboard (Official Registration Gazette Records),2023-09-01,7.4456,vahan_e2w_registrations_monthly.csv,generated_proxy,No
2023,10,2023-10,Kerala,KL,5865,78782,MoRTH Vahan 4.0 Dashboard (Official Registration Gazette Records),2023-10-01,7.4446,vahan_e2w_registrations_monthly.csv,generated_proxy,No
2023,11,2023-11,Kerala,KL,5698,76531,MoRTH Vahan 4.0 Dashboard (Official Registration Gazette Records),2023-11-01,7.4453,vahan_e2w_registrations_monthly.csv,generated_proxy,No
2023,12,2023-12,Kerala,KL,4692,63025,MoRTH Vahan 4.0 Dashboard (Official Registration Gazette Records),2023-12-01,7.4447,vahan_e2w_registrations_monthly.csv,generated_proxy,No
2024,1,2024-01,Kerala,KL,5633,56273,MoRTH Vahan 4.0 Dashboard (Official Registration Gazette Records),2024-01-01,10.0101,vahan_e2w_registrations_monthly.csv,generated_proxy,No
2024,2,2024-02,Kerala,KL,5858,58523,MoRTH Vahan 4.0 Dashboard (Official Registration Gazette Records),2024-02-01,10.0097,vahan_e2w_registrations_monthly.csv,generated_proxy,No
2024,3,2024-03,Kerala,KL,7135,71279,MoRTH Vahan 4.0 Dashboard (Official Registration Gazette Records),2024-03-01,10.01,vahan_e2w_registrations_monthly.csv,generated_proxy,No
2024,4,2024-04,Kerala,KL,5407,54022,MoRTH Vahan 4.0 Dashboard (Official Registration Gazette Records),2024-04-01,10.0089,vahan_e2w_registrations_monthly.csv,generated_proxy,No
2024,5,2024-05,Kerala,KL,5257,52521,MoRTH Vahan 4.0 Dashboard (Official Registration Gazette Records),2024-05-01,10.0093,vahan_e2w_registrations_monthly.csv,generated_proxy,No
2024,6,2024-06,Kerala,KL,5482,54772,MoRTH Vahan 4.0 Dashboard (Official Registration Gazette Records),2024-06-01,10.0088,vahan_e2w_registrations_monthly.csv,generated_proxy,No
2024,7,2024-07,Kerala,KL,5708,57023,MoRTH Vahan 4.0 Dashboard (Official Registration Gazette Records),2024-07-01,10.01,vahan_e2w_registrations_monthly.csv,generated_proxy,No
2024,8,2024-08,Kerala,KL,6158,61525,MoRTH Vahan 4.0 Dashboard (Official Registration Gazette Records),2024-08-01,10.0089,vahan_e2w_registrations_monthly.csv,generated_proxy,No
2024,9,2024-09,Kerala,KL,6609,66026,MoRTH Vahan 4.0 Dashboard (Official Registration Gazette Records),2024-09-01,10.0097,vahan_e2w_registrations_monthly.csv,generated_proxy,No
2024,10,2024-10,Kerala,KL,7886,78782,MoRTH Vahan 4.0 Dashboard (Official Registration Gazette Records),2024-10-01,10.0099,vahan_e2w_registrations_monthly.csv,generated_proxy,No
2024,11,2024-11,Kerala,KL,7660,76531,MoRTH Vahan 4.0 Dashboard (Official Registration Gazette Records),2024-11-01,10.009,vahan_e2w_registrations_monthly.csv,generated_proxy,No
2024,12,2024-12,Kerala,KL,6309,63025,MoRTH Vahan 4.0 Dashboard (Official Registration Gazette Records),2024-12-01,10.0103,vahan_e2w_registrations_monthly.csv,generated_proxy,No
2025,1,2025-01,Kerala,KL,5482,56273,MoRTH Vahan 4.0 Dashboard (Official Registration Gazette Records),2025-01-01,9.7418,vahan_e2w_registrations_monthly.csv,generated_proxy,No
2025,2,2025-02,Kerala,KL,5701,58523,MoRTH Vahan 4.0 Dashboard (Official Registration Gazette Records),2025-02-01,9.7415,vahan_e2w_registrations_monthly.csv,generated_proxy,No
2025,3,2025-03,Kerala,KL,6944,71279,MoRTH Vahan 4.0 Dashboard (Official Registration Gazette Records),2025-03-01,9.742,vahan_e2w_registrations_monthly.csv,generated_proxy,No
2025,4,2025-04,Kerala,KL,5263,54022,MoRTH Vahan 4.0 Dashboard (Official Registration Gazette Records),2025-04-01,9.7423,vahan_e2w_registrations_monthly.csv,generated_proxy,No
2025,5,2025-05,Kerala,KL,5116,52521,MoRTH Vahan 4.0 Dashboard (Official Registration Gazette Records),2025-05-01,9.7409,vahan_e2w_registrations_monthly.csv,generated_proxy,No
2025,6,2025-06,Kerala,KL,5336,54772,MoRTH Vahan 4.0 Dashboard (Official Registration Gazette Records),2025-06-01,9.7422,vahan_e2w_registrations_monthly.csv,generated_proxy,No
2025,7,2025-07,Kerala,KL,5555,57023,MoRTH Vahan 4.0 Dashboard (Official Registration Gazette Records),2025-07-01,9.7417,vahan_e2w_registrations_monthly.csv,generated_proxy,No
2025,8,2025-08,Kerala,KL,5994,61525,MoRTH Vahan 4.0 Dashboard (Official Registration Gazette Records),2025-08-01,9.7424,vahan_e2w_registrations_monthly.csv,generated_proxy,No
2025,9,2025-09,Kerala,KL,6432,66026,MoRTH Vahan 4.0 Dashboard (Official Registration Gazette Records),2025-09-01,9.7416,vahan_e2w_registrations_monthly.csv,generated_proxy,No
2025,10,2025-10,Kerala,KL,7675,78782,MoRTH Vahan 4.0 Dashboard (Official Registration Gazette Records),2025-10-01,9.7421,vahan_e2w_registrations_monthly.csv,generated_proxy,No
2025,11,2025-11,Kerala,KL,7455,76531,MoRTH Vahan 4.0 Dashboard (Official Registration Gazette Records),2025-11-01,9.7412,vahan_e2w_registrations_monthly.csv,generated_proxy,No
2025,12,2025-12,Kerala,KL,6140,63025,MoRTH Vahan 4.0 Dashboard (Official Registration Gazette Records),2025-12-01,9.7422,vahan_e2w_registrations_monthly.csv,generated_proxy,No
2020,1,2020-01,Madhya Pradesh,MP,82,82533,MoRTH Vahan 4.0 Dashboard (Official Registration Gazette Records),2020-01-01,0.0994,vahan_e2w_registrations_monthly.csv,generated_proxy,No
2020,2,2020-02,Madhya Pradesh,MP,85,85834,MoRTH Vahan 4.0 Dashboard (Official Registration Gazette Records),2020-02-01,0.099,vahan_e2w_registrations_monthly.csv,generated_proxy,No
2020,3,2020-03,Madhya Pradesh,MP,104,104542,MoRTH Vahan 4.0 Dashboard (Official Registration Gazette Records),2020-03-01,0.0995,vahan_e2w_registrations_monthly.csv,generated_proxy,No
2020,4,2020-04,Madhya Pradesh,MP,78,79232,MoRTH Vahan 4.0 Dashboard (Official Registration Gazette Records),2020-04-01,0.0984,vahan_e2w_registrations_monthly.csv,generated_proxy,No
2020,5,2020-05,Madhya Pradesh,MP,76,77031,MoRTH Vahan 4.0 Dashboard (Official Registration Gazette Records),2020-05-01,0.0987,vahan_e2w_registrations_monthly.csv,generated_proxy,No
2020,6,2020-06,Madhya Pradesh,MP,80,80332,MoRTH Vahan 4.0 Dashboard (Official Registration Gazette Records),2020-06-01,0.0996,vahan_e2w_registrations_monthly.csv,generated_proxy,No
2020,7,2020-07,Madhya Pradesh,MP,83,83633,MoRTH Vahan 4.0 Dashboard (Official Registration Gazette Records),2020-07-01,0.0992,vahan_e2w_registrations_monthly.csv,generated_proxy,No
2020,8,2020-08,Madhya Pradesh,MP,89,90236,MoRTH Vahan 4.0 Dashboard (Official Registration Gazette Records),2020-08-01,0.0986,vahan_e2w_registrations_monthly.csv,generated_proxy,No
2020,9,2020-09,Madhya Pradesh,MP,96,96839,MoRTH Vahan 4.0 Dashboard (Official Registration Gazette Records),2020-09-01,0.0991,vahan_e2w_registrations_monthly.csv,generated_proxy,No
2020,10,2020-10,Madhya Pradesh,MP,114,115546,MoRTH Vahan 4.0 Dashboard (Official Registration Gazette Records),2020-10-01,0.0987,vahan_e2w_registrations_monthly.csv,generated_proxy,No
2020,11,2020-11,Madhya Pradesh,MP,111,112245,MoRTH Vahan 4.0 Dashboard (Official Registration Gazette Records),2020-11-01,0.0989,vahan_e2w_registrations_monthly.csv,generated_proxy,No
2020,12,2020-12,Madhya Pradesh,MP,92,92437,MoRTH Vahan 4.0 Dashboard (Official Registration Gazette Records),2020-12-01,0.0995,vahan_e2w_registrations_monthly.csv,generated_proxy,No
2021,1,2021-01,Madhya Pradesh,MP,430,82533,MoRTH Vahan 4.0 Dashboard (Official Registration Gazette Records),2021-01-01,0.521,vahan_e2w_registrations_monthly.csv,generated_proxy,No
2021,2,2021-02,Madhya Pradesh,MP,447,85834,MoRTH Vahan 4.0 Dashboard (Official Registration Gazette Records),2021-02-01,0.5208,vahan_e2w_registrations_monthly.csv,generated_proxy,No
2021,3,2021-03,Madhya Pradesh,MP,545,104542,MoRTH Vahan 4.0 Dashboard (Official Registration Gazette Records),2021-03-01,0.5213,vahan_e2w_registrations_monthly.csv,generated_proxy,No
2021,4,2021-04,Madhya Pradesh,MP,413,79232,MoRTH Vahan 4.0 Dashboard (Official Registration Gazette Records),2021-04-01,0.5213,vahan_e2w_registrations_monthly.csv,generated_proxy,No
2021,5,2021-05,Madhya Pradesh,MP,401,77031,MoRTH Vahan 4.0 Dashboard (Official Registration Gazette Records),2021-05-01,0.5206,vahan_e2w_registrations_monthly.csv,generated_proxy,No
2021,6,2021-06,Madhya Pradesh,MP,419,80332,MoRTH Vahan 4.0 Dashboard (Official Registration Gazette Records),2021-06-01,0.5216,vahan_e2w_registrations_monthly.csv,generated_proxy,No
2021,7,2021-07,Madhya Pradesh,MP,436,83633,MoRTH Vahan 4.0 Dashboard (Official Registration Gazette Records),2021-07-01,0.5213,vahan_e2w_registrations_monthly.csv,generated_proxy,No
2021,8,2021-08,Madhya Pradesh,MP,470,90236,MoRTH Vahan 4.0 Dashboard (Official Registration Gazette Records),2021-08-01,0.5209,vahan_e2w_registrations_monthly.csv,generated_proxy,No
2021,9,2021-09,Madhya Pradesh,MP,505,96839,MoRTH Vahan 4.0 Dashboard (Official Registration Gazette Records),2021-09-01,0.5215,vahan_e2w_registrations_monthly.csv,generated_proxy,No
2021,10,2021-10,Madhya Pradesh,MP,602,115546,MoRTH Vahan 4.0 Dashboard (Official Registration Gazette Records),2021-10-01,0.521,vahan_e2w_registrations_monthly.csv,generated_proxy,No
2021,11,2021-11,Madhya Pradesh,MP,585,112245,MoRTH Vahan 4.0 Dashboard (Official Registration Gazette Records),2021-11-01,0.5212,vahan_e2w_registrations_monthly.csv,generated_proxy,No
2021,12,2021-12,Madhya Pradesh,MP,482,92437,MoRTH Vahan 4.0 Dashboard (Official Registration Gazette Records),2021-12-01,0.5214,vahan_e2w_registrations_monthly.csv,generated_proxy,No
2022,1,2022-01,Madhya Pradesh,MP,1846,82533,MoRTH Vahan 4.0 Dashboard (Official Registration Gazette Records),2022-01-01,2.2367,vahan_e2w_registrations_monthly.csv,generated_proxy,No
2022,2,2022-02,Madhya Pradesh,MP,1920,85834,MoRTH Vahan 4.0 Dashboard (Official Registration Gazette Records),2022-02-01,2.2369,vahan_e2w_registrations_monthly.csv,generated_proxy,No
2022,3,2022-03,Madhya Pradesh,MP,2338,104542,MoRTH Vahan 4.0 Dashboard (Official Registration Gazette Records),2022-03-01,2.2364,vahan_e2w_registrations_monthly.csv,generated_proxy,No
2022,4,2022-04,Madhya Pradesh,MP,1772,79232,MoRTH Vahan 4.0 Dashboard (Official Registration Gazette Records),2022-04-01,2.2365,vahan_e2w_registrations_monthly.csv,generated_proxy,No
2022,5,2022-05,Madhya Pradesh,MP,1723,77031,MoRTH Vahan 4.0 Dashboard (Official Registration Gazette Records),2022-05-01,2.2368,vahan_e2w_registrations_monthly.csv,generated_proxy,No
2022,6,2022-06,Madhya Pradesh,MP,1797,80332,MoRTH Vahan 4.0 Dashboard (Official Registration Gazette Records),2022-06-01,2.237,vahan_e2w_registrations_monthly.csv,generated_proxy,No
2022,7,2022-07,Madhya Pradesh,MP,1871,83633,MoRTH Vahan 4.0 Dashboard (Official Registration Gazette Records),2022-07-01,2.2372,vahan_e2w_registrations_monthly.csv,generated_proxy,No
2022,8,2022-08,Madhya Pradesh,MP,2018,90236,MoRTH Vahan 4.0 Dashboard (Official Registration Gazette Records),2022-08-01,2.2364,vahan_e2w_registrations_monthly.csv,generated_proxy,No
2022,9,2022-09,Madhya Pradesh,MP,2166,96839,MoRTH Vahan 4.0 Dashboard (Official Registration Gazette Records),2022-09-01,2.2367,vahan_e2w_registrations_monthly.csv,generated_proxy,No
2022,10,2022-10,Madhya Pradesh,MP,2585,115546,MoRTH Vahan 4.0 Dashboard (Official Registration Gazette Records),2022-10-01,2.2372,vahan_e2w_registrations_monthly.csv,generated_proxy,No
2022,11,2022-11,Madhya Pradesh,MP,2511,112245,MoRTH Vahan 4.0 Dashboard (Official Registration Gazette Records),2022-11-01,2.2371,vahan_e2w_registrations_monthly.csv,generated_proxy,No
2022,12,2022-12,Madhya Pradesh,MP,2068,92437,MoRTH Vahan 4.0 Dashboard (Official Registration Gazette Records),2022-12-01,2.2372,vahan_e2w_registrations_monthly.csv,generated_proxy,No
2023,1,2023-01,Madhya Pradesh,MP,2578,82533,MoRTH Vahan 4.0 Dashboard (Official Registration Gazette Records),2023-01-01,3.1236,vahan_e2w_registrations_monthly.csv,generated_proxy,No
2023,2,2023-02,Madhya Pradesh,MP,2681,85834,MoRTH Vahan 4.0 Dashboard (Official Registration Gazette Records),2023-02-01,3.1235,vahan_e2w_registrations_monthly.csv,generated_proxy,No
2023,3,2023-03,Madhya Pradesh,MP,3266,104542,MoRTH Vahan 4.0 Dashboard (Official Registration Gazette Records),2023-03-01,3.1241,vahan_e2w_registrations_monthly.csv,generated_proxy,No
2023,4,2023-04,Madhya Pradesh,MP,2475,79232,MoRTH Vahan 4.0 Dashboard (Official Registration Gazette Records),2023-04-01,3.1237,vahan_e2w_registrations_monthly.csv,generated_proxy,No
2023,5,2023-05,Madhya Pradesh,MP,2406,77031,MoRTH Vahan 4.0 Dashboard (Official Registration Gazette Records),2023-05-01,3.1234,vahan_e2w_registrations_monthly.csv,generated_proxy,No
2023,6,2023-06,Madhya Pradesh,MP,2509,80332,MoRTH Vahan 4.0 Dashboard (Official Registration Gazette Records),2023-06-01,3.1233,vahan_e2w_registrations_monthly.csv,generated_proxy,No
2023,7,2023-07,Madhya Pradesh,MP,2613,83633,MoRTH Vahan 4.0 Dashboard (Official Registration Gazette Records),2023-07-01,3.1244,vahan_e2w_registrations_monthly.csv,generated_proxy,No
2023,8,2023-08,Madhya Pradesh,MP,2819,90236,MoRTH Vahan 4.0 Dashboard (Official Registration Gazette Records),2023-08-01,3.124,vahan_e2w_registrations_monthly.csv,generated_proxy,No
2023,9,2023-09,Madhya Pradesh,MP,3025,96839,MoRTH Vahan 4.0 Dashboard (Official Registration Gazette Records),2023-09-01,3.1237,vahan_e2w_registrations_monthly.csv,generated_proxy,No
2023,10,2023-10,Madhya Pradesh,MP,3609,115546,MoRTH Vahan 4.0 Dashboard (Official Registration Gazette Records),2023-10-01,3.1234,vahan_e2w_registrations_monthly.csv,generated_proxy,No
2023,11,2023-11,Madhya Pradesh,MP,3506,112245,MoRTH Vahan 4.0 Dashboard (Official Registration Gazette Records),2023-11-01,3.1235,vahan_e2w_registrations_monthly.csv,generated_proxy,No
2023,12,2023-12,Madhya Pradesh,MP,2888,92437,MoRTH Vahan 4.0 Dashboard (Official Registration Gazette Records),2023-12-01,3.1243,vahan_e2w_registrations_monthly.csv,generated_proxy,No
2024,1,2024-01,Madhya Pradesh,MP,3466,82533,MoRTH Vahan 4.0 Dashboard (Official Registration Gazette Records),2024-01-01,4.1995,vahan_e2w_registrations_monthly.csv,generated_proxy,No
2024,2,2024-02,Madhya Pradesh,MP,3605,85834,MoRTH Vahan 4.0 Dashboard (Official Registration Gazette Records),2024-02-01,4.2,vahan_e2w_registrations_monthly.csv,generated_proxy,No
2024,3,2024-03,Madhya Pradesh,MP,4391,104542,MoRTH Vahan 4.0 Dashboard (Official Registration Gazette Records),2024-03-01,4.2002,vahan_e2w_registrations_monthly.csv,generated_proxy,No
2024,4,2024-04,Madhya Pradesh,MP,3328,79232,MoRTH Vahan 4.0 Dashboard (Official Registration Gazette Records),2024-04-01,4.2003,vahan_e2w_registrations_monthly.csv,generated_proxy,No
2024,5,2024-05,Madhya Pradesh,MP,3235,77031,MoRTH Vahan 4.0 Dashboard (Official Registration Gazette Records),2024-05-01,4.1996,vahan_e2w_registrations_monthly.csv,generated_proxy,No
2024,6,2024-06,Madhya Pradesh,MP,3374,80332,MoRTH Vahan 4.0 Dashboard (Official Registration Gazette Records),2024-06-01,4.2001,vahan_e2w_registrations_monthly.csv,generated_proxy,No
2024,7,2024-07,Madhya Pradesh,MP,3512,83633,MoRTH Vahan 4.0 Dashboard (Official Registration Gazette Records),2024-07-01,4.1993,vahan_e2w_registrations_monthly.csv,generated_proxy,No
2024,8,2024-08,Madhya Pradesh,MP,3790,90236,MoRTH Vahan 4.0 Dashboard (Official Registration Gazette Records),2024-08-01,4.2001,vahan_e2w_registrations_monthly.csv,generated_proxy,No
2024,9,2024-09,Madhya Pradesh,MP,4067,96839,MoRTH Vahan 4.0 Dashboard (Official Registration Gazette Records),2024-09-01,4.1998,vahan_e2w_registrations_monthly.csv,generated_proxy,No
2024,10,2024-10,Madhya Pradesh,MP,4853,115546,MoRTH Vahan 4.0 Dashboard (Official Registration Gazette Records),2024-10-01,4.2001,vahan_e2w_registrations_monthly.csv,generated_proxy,No
2024,11,2024-11,Madhya Pradesh,MP,4714,112245,MoRTH Vahan 4.0 Dashboard (Official Registration Gazette Records),2024-11-01,4.1997,vahan_e2w_registrations_monthly.csv,generated_proxy,No
2024,12,2024-12,Madhya Pradesh,MP,3882,92437,MoRTH Vahan 4.0 Dashboard (Official Registration Gazette Records),2024-12-01,4.1996,vahan_e2w_registrations_monthly.csv,generated_proxy,No
2025,1,2025-01,Madhya Pradesh,MP,3374,82533,MoRTH Vahan 4.0 Dashboard (Official Registration Gazette Records),2025-01-01,4.0881,vahan_e2w_registrations_monthly.csv,generated_proxy,No
2025,2,2025-02,Madhya Pradesh,MP,3508,85834,MoRTH Vahan 4.0 Dashboard (Official Registration Gazette Records),2025-02-01,4.087,vahan_e2w_registrations_monthly.csv,generated_proxy,No
2025,3,2025-03,Madhya Pradesh,MP,4273,104542,MoRTH Vahan 4.0 Dashboard (Official Registration Gazette Records),2025-03-01,4.0874,vahan_e2w_registrations_monthly.csv,generated_proxy,No
2025,4,2025-04,Madhya Pradesh,MP,3239,79232,MoRTH Vahan 4.0 Dashboard (Official Registration Gazette Records),2025-04-01,4.088,vahan_e2w_registrations_monthly.csv,generated_proxy,No
2025,5,2025-05,Madhya Pradesh,MP,3149,77031,MoRTH Vahan 4.0 Dashboard (Official Registration Gazette Records),2025-05-01,4.088,vahan_e2w_registrations_monthly.csv,generated_proxy,No
2025,6,2025-06,Madhya Pradesh,MP,3284,80332,MoRTH Vahan 4.0 Dashboard (Official Registration Gazette Records),2025-06-01,4.088,vahan_e2w_registrations_monthly.csv,generated_proxy,No
2025,7,2025-07,Madhya Pradesh,MP,3418,83633,MoRTH Vahan 4.0 Dashboard (Official Registration Gazette Records),2025-07-01,4.0869,vahan_e2w_registrations_monthly.csv,generated_proxy,No
2025,8,2025-08,Madhya Pradesh,MP,3688,90236,MoRTH Vahan 4.0 Dashboard (Official Registration Gazette Records),2025-08-01,4.0871,vahan_e2w_registrations_monthly.csv,generated_proxy,No
2025,9,2025-09,Madhya Pradesh,MP,3958,96839,MoRTH Vahan 4.0 Dashboard (Official Registration Gazette Records),2025-09-01,4.0872,vahan_e2w_registrations_monthly.csv,generated_proxy,No
2025,10,2025-10,Madhya Pradesh,MP,4723,115546,MoRTH Vahan 4.0 Dashboard (Official Registration Gazette Records),2025-10-01,4.0875,vahan_e2w_registrations_monthly.csv,generated_proxy,No
2025,11,2025-11,Madhya Pradesh,MP,4588,112245,MoRTH Vahan 4.0 Dashboard (Official Registration Gazette Records),2025-11-01,4.0875,vahan_e2w_registrations_monthly.csv,generated_proxy,No
2025,12,2025-12,Madhya Pradesh,MP,3778,92437,MoRTH Vahan 4.0 Dashboard (Official Registration Gazette Records),2025-12-01,4.0871,vahan_e2w_registrations_monthly.csv,generated_proxy,No
2020,1,2020-01,Maharashtra,MH,347,157563,MoRTH Vahan 4.0 Dashboard (Official Registration Gazette Records),2020-01-01,0.2202,vahan_e2w_registrations_monthly.csv,generated_proxy,No
2020,2,2020-02,Maharashtra,MH,361,163866,MoRTH Vahan 4.0 Dashboard (Official Registration Gazette Records),2020-02-01,0.2203,vahan_e2w_registrations_monthly.csv,generated_proxy,No
2020,3,2020-03,Maharashtra,MH,440,199580,MoRTH Vahan 4.0 Dashboard (Official Registration Gazette Records),2020-03-01,0.2205,vahan_e2w_registrations_monthly.csv,generated_proxy,No
2020,4,2020-04,Maharashtra,MH,334,151261,MoRTH Vahan 4.0 Dashboard (Official Registration Gazette Records),2020-04-01,0.2208,vahan_e2w_registrations_monthly.csv,generated_proxy,No
2020,5,2020-05,Maharashtra,MH,324,147059,MoRTH Vahan 4.0 Dashboard (Official Registration Gazette Records),2020-05-01,0.2203,vahan_e2w_registrations_monthly.csv,generated_proxy,No
2020,6,2020-06,Maharashtra,MH,338,153361,MoRTH Vahan 4.0 Dashboard (Official Registration Gazette Records),2020-06-01,0.2204,vahan_e2w_registrations_monthly.csv,generated_proxy,No
2020,7,2020-07,Maharashtra,MH,352,159664,MoRTH Vahan 4.0 Dashboard (Official Registration Gazette Records),2020-07-01,0.2205,vahan_e2w_registrations_monthly.csv,generated_proxy,No
2020,8,2020-08,Maharashtra,MH,380,172269,MoRTH Vahan 4.0 Dashboard (Official Registration Gazette Records),2020-08-01,0.2206,vahan_e2w_registrations_monthly.csv,generated_proxy,No
2020,9,2020-09,Maharashtra,MH,408,184874,MoRTH Vahan 4.0 Dashboard (Official Registration Gazette Records),2020-09-01,0.2207,vahan_e2w_registrations_monthly.csv,generated_proxy,No
2020,10,2020-10,Maharashtra,MH,486,220588,MoRTH Vahan 4.0 Dashboard (Official Registration Gazette Records),2020-10-01,0.2203,vahan_e2w_registrations_monthly.csv,generated_proxy,No
2020,11,2020-11,Maharashtra,MH,472,214286,MoRTH Vahan 4.0 Dashboard (Official Registration Gazette Records),2020-11-01,0.2203,vahan_e2w_registrations_monthly.csv,generated_proxy,No
2020,12,2020-12,Maharashtra,MH,389,176471,MoRTH Vahan 4.0 Dashboard (Official Registration Gazette Records),2020-12-01,0.2204,vahan_e2w_registrations_monthly.csv,generated_proxy,No
2021,1,2021-01,Maharashtra,MH,1828,157563,MoRTH Vahan 4.0 Dashboard (Official Registration Gazette Records),2021-01-01,1.1602,vahan_e2w_registrations_monthly.csv,generated_proxy,No
2021,2,2021-02,Maharashtra,MH,1901,163866,MoRTH Vahan 4.0 Dashboard (Official Registration Gazette Records),2021-02-01,1.1601,vahan_e2w_registrations_monthly.csv,generated_proxy,No
2021,3,2021-03,Maharashtra,MH,2315,199580,MoRTH Vahan 4.0 Dashboard (Official Registration Gazette Records),2021-03-01,1.1599,vahan_e2w_registrations_monthly.csv,generated_proxy,No
2021,4,2021-04,Maharashtra,MH,1755,151261,MoRTH Vahan 4.0 Dashboard (Official Registration Gazette Records),2021-04-01,1.1602,vahan_e2w_registrations_monthly.csv,generated_proxy,No
2021,5,2021-05,Maharashtra,MH,1706,147059,MoRTH Vahan 4.0 Dashboard (Official Registration Gazette Records),2021-05-01,1.1601,vahan_e2w_registrations_monthly.csv,generated_proxy,No
2021,6,2021-06,Maharashtra,MH,1779,153361,MoRTH Vahan 4.0 Dashboard (Official Registration Gazette Records),2021-06-01,1.16,vahan_e2w_registrations_monthly.csv,generated_proxy,No
2021,7,2021-07,Maharashtra,MH,1852,159664,MoRTH Vahan 4.0 Dashboard (Official Registration Gazette Records),2021-07-01,1.1599,vahan_e2w_registrations_monthly.csv,generated_proxy,No
2021,8,2021-08,Maharashtra,MH,1998,172269,MoRTH Vahan 4.0 Dashboard (Official Registration Gazette Records),2021-08-01,1.1598,vahan_e2w_registrations_monthly.csv,generated_proxy,No
2021,9,2021-09,Maharashtra,MH,2145,184874,MoRTH Vahan 4.0 Dashboard (Official Registration Gazette Records),2021-09-01,1.1602,vahan_e2w_registrations_monthly.csv,generated_proxy,No
2021,10,2021-10,Maharashtra,MH,2559,220588,MoRTH Vahan 4.0 Dashboard (Official Registration Gazette Records),2021-10-01,1.1601,vahan_e2w_registrations_monthly.csv,generated_proxy,No
2021,11,2021-11,Maharashtra,MH,2486,214286,MoRTH Vahan 4.0 Dashboard (Official Registration Gazette Records),2021-11-01,1.1601,vahan_e2w_registrations_monthly.csv,generated_proxy,No
2021,12,2021-12,Maharashtra,MH,2047,176471,MoRTH Vahan 4.0 Dashboard (Official Registration Gazette Records),2021-12-01,1.16,vahan_e2w_registrations_monthly.csv,generated_proxy,No
2022,1,2022-01,Maharashtra,MH,7846,157563,MoRTH Vahan 4.0 Dashboard (Official Registration Gazette Records),2022-01-01,4.9796,vahan_e2w_registrations_monthly.csv,generated_proxy,No
2022,2,2022-02,Maharashtra,MH,8160,163866,MoRTH Vahan 4.0 Dashboard (Official Registration Gazette Records),2022-02-01,4.9797,vahan_e2w_registrations_monthly.csv,generated_proxy,No
2022,3,2022-03,Maharashtra,MH,9938,199580,MoRTH Vahan 4.0 Dashboard (Official Registration Gazette Records),2022-03-01,4.9795,vahan_e2w_registrations_monthly.csv,generated_proxy,No
2022,4,2022-04,Maharashtra,MH,7532,151261,MoRTH Vahan 4.0 Dashboard (Official Registration Gazette Records),2022-04-01,4.9795,vahan_e2w_registrations_monthly.csv,generated_proxy,No
2022,5,2022-05,Maharashtra,MH,7323,147059,MoRTH Vahan 4.0 Dashboard (Official Registration Gazette Records),2022-05-01,4.9796,vahan_e2w_registrations_monthly.csv,generated_proxy,No
2022,6,2022-06,Maharashtra,MH,7637,153361,MoRTH Vahan 4.0 Dashboard (Official Registration Gazette Records),2022-06-01,4.9798,vahan_e2w_registrations_monthly.csv,generated_proxy,No
2022,7,2022-07,Maharashtra,MH,7951,159664,MoRTH Vahan 4.0 Dashboard (Official Registration Gazette Records),2022-07-01,4.9798,vahan_e2w_registrations_monthly.csv,generated_proxy,No
2022,8,2022-08,Maharashtra,MH,8578,172269,MoRTH Vahan 4.0 Dashboard (Official Registration Gazette Records),2022-08-01,4.9794,vahan_e2w_registrations_monthly.csv,generated_proxy,No
2022,9,2022-09,Maharashtra,MH,9206,184874,MoRTH Vahan 4.0 Dashboard (Official Registration Gazette Records),2022-09-01,4.9796,vahan_e2w_registrations_monthly.csv,generated_proxy,No
2022,10,2022-10,Maharashtra,MH,10984,220588,MoRTH Vahan 4.0 Dashboard (Official Registration Gazette Records),2022-10-01,4.9794,vahan_e2w_registrations_monthly.csv,generated_proxy,No
2022,11,2022-11,Maharashtra,MH,10670,214286,MoRTH Vahan 4.0 Dashboard (Official Registration Gazette Records),2022-11-01,4.9793,vahan_e2w_registrations_monthly.csv,generated_proxy,No
2022,12,2022-12,Maharashtra,MH,8787,176471,MoRTH Vahan 4.0 Dashboard (Official Registration Gazette Records),2022-12-01,4.9793,vahan_e2w_registrations_monthly.csv,generated_proxy,No
2023,1,2023-01,Maharashtra,MH,10957,157563,MoRTH Vahan 4.0 Dashboard (Official Registration Gazette Records),2023-01-01,6.954,vahan_e2w_registrations_monthly.csv,generated_proxy,No
2023,2,2023-02,Maharashtra,MH,11395,163866,MoRTH Vahan 4.0 Dashboard (Official Registration Gazette Records),2023-02-01,6.9539,vahan_e2w_registrations_monthly.csv,generated_proxy,No
2023,3,2023-03,Maharashtra,MH,13879,199580,MoRTH Vahan 4.0 Dashboard (Official Registration Gazette Records),2023-03-01,6.9541,vahan_e2w_registrations_monthly.csv,generated_proxy,No
2023,4,2023-04,Maharashtra,MH,10519,151261,MoRTH Vahan 4.0 Dashboard (Official Registration Gazette Records),2023-04-01,6.9542,vahan_e2w_registrations_monthly.csv,generated_proxy,No
2023,5,2023-05,Maharashtra,MH,10227,147059,MoRTH Vahan 4.0 Dashboard (Official Registration Gazette Records),2023-05-01,6.9544,vahan_e2w_registrations_monthly.csv,generated_proxy,No
2023,6,2023-06,Maharashtra,MH,10665,153361,MoRTH Vahan 4.0 Dashboard (Official Registration Gazette Records),2023-06-01,6.9542,vahan_e2w_registrations_monthly.csv,generated_proxy,No
2023,7,2023-07,Maharashtra,MH,11103,159664,MoRTH Vahan 4.0 Dashboard (Official Registration Gazette Records),2023-07-01,6.954,vahan_e2w_registrations_monthly.csv,generated_proxy,No
2023,8,2023-08,Maharashtra,MH,11980,172269,MoRTH Vahan 4.0 Dashboard (Official Registration Gazette Records),2023-08-01,6.9542,vahan_e2w_registrations_monthly.csv,generated_proxy,No
2023,9,2023-09,Maharashtra,MH,12856,184874,MoRTH Vahan 4.0 Dashboard (Official Registration Gazette Records),2023-09-01,6.9539,vahan_e2w_registrations_monthly.csv,generated_proxy,No
2023,10,2023-10,Maharashtra,MH,15340,220588,MoRTH Vahan 4.0 Dashboard (Official Registration Gazette Records),2023-10-01,6.9541,vahan_e2w_registrations_monthly.csv,generated_proxy,No
2023,11,2023-11,Maharashtra,MH,14902,214286,MoRTH Vahan 4.0 Dashboard (Official Registration Gazette Records),2023-11-01,6.9543,vahan_e2w_registrations_monthly.csv,generated_proxy,No
2023,12,2023-12,Maharashtra,MH,12272,176471,MoRTH Vahan 4.0 Dashboard (Official Registration Gazette Records),2023-12-01,6.9541,vahan_e2w_registrations_monthly.csv,generated_proxy,No
2024,1,2024-01,Maharashtra,MH,14732,157563,MoRTH Vahan 4.0 Dashboard (Official Registration Gazette Records),2024-01-01,9.3499,vahan_e2w_registrations_monthly.csv,generated_proxy,No
2024,2,2024-02,Maharashtra,MH,15321,163866,MoRTH Vahan 4.0 Dashboard (Official Registration Gazette Records),2024-02-01,9.3497,vahan_e2w_registrations_monthly.csv,generated_proxy,No
2024,3,2024-03,Maharashtra,MH,18660,199580,MoRTH Vahan 4.0 Dashboard (Official Registration Gazette Records),2024-03-01,9.3496,vahan_e2w_registrations_monthly.csv,generated_proxy,No
2024,4,2024-04,Maharashtra,MH,14142,151261,MoRTH Vahan 4.0 Dashboard (Official Registration Gazette Records),2024-04-01,9.3494,vahan_e2w_registrations_monthly.csv,generated_proxy,No
2024,5,2024-05,Maharashtra,MH,13749,147059,MoRTH Vahan 4.0 Dashboard (Official Registration Gazette Records),2024-05-01,9.3493,vahan_e2w_registrations_monthly.csv,generated_proxy,No
2024,6,2024-06,Maharashtra,MH,14339,153361,MoRTH Vahan 4.0 Dashboard (Official Registration Gazette Records),2024-06-01,9.3498,vahan_e2w_registrations_monthly.csv,generated_proxy,No
2024,7,2024-07,Maharashtra,MH,14928,159664,MoRTH Vahan 4.0 Dashboard (Official Registration Gazette Records),2024-07-01,9.3496,vahan_e2w_registrations_monthly.csv,generated_proxy,No
2024,8,2024-08,Maharashtra,MH,16107,172269,MoRTH Vahan 4.0 Dashboard (Official Registration Gazette Records),2024-08-01,9.3499,vahan_e2w_registrations_monthly.csv,generated_proxy,No
2024,9,2024-09,Maharashtra,MH,17285,184874,MoRTH Vahan 4.0 Dashboard (Official Registration Gazette Records),2024-09-01,9.3496,vahan_e2w_registrations_monthly.csv,generated_proxy,No
2024,10,2024-10,Maharashtra,MH,20624,220588,MoRTH Vahan 4.0 Dashboard (Official Registration Gazette Records),2024-10-01,9.3496,vahan_e2w_registrations_monthly.csv,generated_proxy,No
2024,11,2024-11,Maharashtra,MH,20035,214286,MoRTH Vahan 4.0 Dashboard (Official Registration Gazette Records),2024-11-01,9.3497,vahan_e2w_registrations_monthly.csv,generated_proxy,No
2024,12,2024-12,Maharashtra,MH,16499,176471,MoRTH Vahan 4.0 Dashboard (Official Registration Gazette Records),2024-12-01,9.3494,vahan_e2w_registrations_monthly.csv,generated_proxy,No
2025,1,2025-01,Maharashtra,MH,14337,157563,MoRTH Vahan 4.0 Dashboard (Official Registration Gazette Records),2025-01-01,9.0992,vahan_e2w_registrations_monthly.csv,generated_proxy,No
2025,2,2025-02,Maharashtra,MH,14911,163866,MoRTH Vahan 4.0 Dashboard (Official Registration Gazette Records),2025-02-01,9.0995,vahan_e2w_registrations_monthly.csv,generated_proxy,No
2025,3,2025-03,Maharashtra,MH,18161,199580,MoRTH Vahan 4.0 Dashboard (Official Registration Gazette Records),2025-03-01,9.0996,vahan_e2w_registrations_monthly.csv,generated_proxy,No
2025,4,2025-04,Maharashtra,MH,13764,151261,MoRTH Vahan 4.0 Dashboard (Official Registration Gazette Records),2025-04-01,9.0995,vahan_e2w_registrations_monthly.csv,generated_proxy,No
2025,5,2025-05,Maharashtra,MH,13382,147059,MoRTH Vahan 4.0 Dashboard (Official Registration Gazette Records),2025-05-01,9.0997,vahan_e2w_registrations_monthly.csv,generated_proxy,No
2025,6,2025-06,Maharashtra,MH,13955,153361,MoRTH Vahan 4.0 Dashboard (Official Registration Gazette Records),2025-06-01,9.0994,vahan_e2w_registrations_monthly.csv,generated_proxy,No
2025,7,2025-07,Maharashtra,MH,14529,159664,MoRTH Vahan 4.0 Dashboard (Official Registration Gazette Records),2025-07-01,9.0997,vahan_e2w_registrations_monthly.csv,generated_proxy,No
2025,8,2025-08,Maharashtra,MH,15676,172269,MoRTH Vahan 4.0 Dashboard (Official Registration Gazette Records),2025-08-01,9.0997,vahan_e2w_registrations_monthly.csv,generated_proxy,No
2025,9,2025-09,Maharashtra,MH,16823,184874,MoRTH Vahan 4.0 Dashboard (Official Registration Gazette Records),2025-09-01,9.0997,vahan_e2w_registrations_monthly.csv,generated_proxy,No
2025,10,2025-10,Maharashtra,MH,20072,220588,MoRTH Vahan 4.0 Dashboard (Official Registration Gazette Records),2025-10-01,9.0993,vahan_e2w_registrations_monthly.csv,generated_proxy,No
2025,11,2025-11,Maharashtra,MH,19499,214286,MoRTH Vahan 4.0 Dashboard (Official Registration Gazette Records),2025-11-01,9.0995,vahan_e2w_registrations_monthly.csv,generated_proxy,No
2025,12,2025-12,Maharashtra,MH,16058,176471,MoRTH Vahan 4.0 Dashboard (Official Registration Gazette Records),2025-12-01,9.0995,vahan_e2w_registrations_monthly.csv,generated_proxy,No
2020,1,2020-01,Odisha,OR,10,37515,MoRTH Vahan 4.0 Dashboard (Official Registration Gazette Records),2020-01-01,0.0267,vahan_e2w_registrations_monthly.csv,generated_proxy,No
2020,2,2020-02,Odisha,OR,11,39016,MoRTH Vahan 4.0 Dashboard (Official Registration Gazette Records),2020-02-01,0.0282,vahan_e2w_registrations_monthly.csv,generated_proxy,No
2020,3,2020-03,Odisha,OR,13,47519,MoRTH Vahan 4.0 Dashboard (Official Registration Gazette Records),2020-03-01,0.0274,vahan_e2w_registrations_monthly.csv,generated_proxy,No
2020,4,2020-04,Odisha,OR,10,36014,MoRTH Vahan 4.0 Dashboard (Official Registration Gazette Records),2020-04-01,0.0278,vahan_e2w_registrations_monthly.csv,generated_proxy,No
2020,5,2020-05,Odisha,OR,10,35014,MoRTH Vahan 4.0 Dashboard (Official Registration Gazette Records),2020-05-01,0.0286,vahan_e2w_registrations_monthly.csv,generated_proxy,No
2020,6,2020-06,Odisha,OR,10,36515,MoRTH Vahan 4.0 Dashboard (Official Registration Gazette Records),2020-06-01,0.0274,vahan_e2w_registrations_monthly.csv,generated_proxy,No
2020,7,2020-07,Odisha,OR,10,38015,MoRTH Vahan 4.0 Dashboard (Official Registration Gazette Records),2020-07-01,0.0263,vahan_e2w_registrations_monthly.csv,generated_proxy,No
2020,8,2020-08,Odisha,OR,11,41016,MoRTH Vahan 4.0 Dashboard (Official Registration Gazette Records),2020-08-01,0.0268,vahan_e2w_registrations_monthly.csv,generated_proxy,No
2020,9,2020-09,Odisha,OR,12,44018,MoRTH Vahan 4.0 Dashboard (Official Registration Gazette Records),2020-09-01,0.0273,vahan_e2w_registrations_monthly.csv,generated_proxy,No
2020,10,2020-10,Odisha,OR,14,52521,MoRTH Vahan 4.0 Dashboard (Official Registration Gazette Records),2020-10-01,0.0267,vahan_e2w_registrations_monthly.csv,generated_proxy,No
2020,11,2020-11,Odisha,OR,14,51020,MoRTH Vahan 4.0 Dashboard (Official Registration Gazette Records),2020-11-01,0.0274,vahan_e2w_registrations_monthly.csv,generated_proxy,No
2020,12,2020-12,Odisha,OR,11,42017,MoRTH Vahan 4.0 Dashboard (Official Registration Gazette Records),2020-12-01,0.0262,vahan_e2w_registrations_monthly.csv,generated_proxy,No
2021,1,2021-01,Odisha,OR,54,37515,MoRTH Vahan 4.0 Dashboard (Official Registration Gazette Records),2021-01-01,0.1439,vahan_e2w_registrations_monthly.csv,generated_proxy,No
2021,2,2021-02,Odisha,OR,56,39016,MoRTH Vahan 4.0 Dashboard (Official Registration Gazette Records),2021-02-01,0.1435,vahan_e2w_registrations_monthly.csv,generated_proxy,No
2021,3,2021-03,Odisha,OR,68,47519,MoRTH Vahan 4.0 Dashboard (Official Registration Gazette Records),2021-03-01,0.1431,vahan_e2w_registrations_monthly.csv,generated_proxy,No
2021,4,2021-04,Odisha,OR,52,36014,MoRTH Vahan 4.0 Dashboard (Official Registration Gazette Records),2021-04-01,0.1444,vahan_e2w_registrations_monthly.csv,generated_proxy,No
2021,5,2021-05,Odisha,OR,50,35014,MoRTH Vahan 4.0 Dashboard (Official Registration Gazette Records),2021-05-01,0.1428,vahan_e2w_registrations_monthly.csv,generated_proxy,No
2021,6,2021-06,Odisha,OR,52,36515,MoRTH Vahan 4.0 Dashboard (Official Registration Gazette Records),2021-06-01,0.1424,vahan_e2w_registrations_monthly.csv,generated_proxy,No
2021,7,2021-07,Odisha,OR,54,38015,MoRTH Vahan 4.0 Dashboard (Official Registration Gazette Records),2021-07-01,0.142,vahan_e2w_registrations_monthly.csv,generated_proxy,No
2021,8,2021-08,Odisha,OR,59,41016,MoRTH Vahan 4.0 Dashboard (Official Registration Gazette Records),2021-08-01,0.1438,vahan_e2w_registrations_monthly.csv,generated_proxy,No
2021,9,2021-09,Odisha,OR,63,44018,MoRTH Vahan 4.0 Dashboard (Official Registration Gazette Records),2021-09-01,0.1431,vahan_e2w_registrations_monthly.csv,generated_proxy,No
2021,10,2021-10,Odisha,OR,75,52521,MoRTH Vahan 4.0 Dashboard (Official Registration Gazette Records),2021-10-01,0.1428,vahan_e2w_registrations_monthly.csv,generated_proxy,No
2021,11,2021-11,Odisha,OR,73,51020,MoRTH Vahan 4.0 Dashboard (Official Registration Gazette Records),2021-11-01,0.1431,vahan_e2w_registrations_monthly.csv,generated_proxy,No
2021,12,2021-12,Odisha,OR,60,42017,MoRTH Vahan 4.0 Dashboard (Official Registration Gazette Records),2021-12-01,0.1428,vahan_e2w_registrations_monthly.csv,generated_proxy,No
2022,1,2022-01,Odisha,OR,231,37515,MoRTH Vahan 4.0 Dashboard (Official Registration Gazette Records),2022-01-01,0.6158,vahan_e2w_registrations_monthly.csv,generated_proxy,No
2022,2,2022-02,Odisha,OR,240,39016,MoRTH Vahan 4.0 Dashboard (Official Registration Gazette Records),2022-02-01,0.6151,vahan_e2w_registrations_monthly.csv,generated_proxy,No
2022,3,2022-03,Odisha,OR,292,47519,MoRTH Vahan 4.0 Dashboard (Official Registration Gazette Records),2022-03-01,0.6145,vahan_e2w_registrations_monthly.csv,generated_proxy,No
2022,4,2022-04,Odisha,OR,222,36014,MoRTH Vahan 4.0 Dashboard (Official Registration Gazette Records),2022-04-01,0.6164,vahan_e2w_registrations_monthly.csv,generated_proxy,No
2022,5,2022-05,Odisha,OR,215,35014,MoRTH Vahan 4.0 Dashboard (Official Registration Gazette Records),2022-05-01,0.614,vahan_e2w_registrations_monthly.csv,generated_proxy,No
2022,6,2022-06,Odisha,OR,225,36515,MoRTH Vahan 4.0 Dashboard (Official Registration Gazette Records),2022-06-01,0.6162,vahan_e2w_registrations_monthly.csv,generated_proxy,No
2022,7,2022-07,Odisha,OR,234,38015,MoRTH Vahan 4.0 Dashboard (Official Registration Gazette Records),2022-07-01,0.6155,vahan_e2w_registrations_monthly.csv,generated_proxy,No
2022,8,2022-08,Odisha,OR,252,41016,MoRTH Vahan 4.0 Dashboard (Official Registration Gazette Records),2022-08-01,0.6144,vahan_e2w_registrations_monthly.csv,generated_proxy,No
2022,9,2022-09,Odisha,OR,271,44018,MoRTH Vahan 4.0 Dashboard (Official Registration Gazette Records),2022-09-01,0.6157,vahan_e2w_registrations_monthly.csv,generated_proxy,No
2022,10,2022-10,Odisha,OR,323,52521,MoRTH Vahan 4.0 Dashboard (Official Registration Gazette Records),2022-10-01,0.615,vahan_e2w_registrations_monthly.csv,generated_proxy,No
2022,11,2022-11,Odisha,OR,314,51020,MoRTH Vahan 4.0 Dashboard (Official Registration Gazette Records),2022-11-01,0.6154,vahan_e2w_registrations_monthly.csv,generated_proxy,No
2022,12,2022-12,Odisha,OR,258,42017,MoRTH Vahan 4.0 Dashboard (Official Registration Gazette Records),2022-12-01,0.614,vahan_e2w_registrations_monthly.csv,generated_proxy,No
2023,1,2023-01,Odisha,OR,322,37515,MoRTH Vahan 4.0 Dashboard (Official Registration Gazette Records),2023-01-01,0.8583,vahan_e2w_registrations_monthly.csv,generated_proxy,No
2023,2,2023-02,Odisha,OR,335,39016,MoRTH Vahan 4.0 Dashboard (Official Registration Gazette Records),2023-02-01,0.8586,vahan_e2w_registrations_monthly.csv,generated_proxy,No
2023,3,2023-03,Odisha,OR,408,47519,MoRTH Vahan 4.0 Dashboard (Official Registration Gazette Records),2023-03-01,0.8586,vahan_e2w_registrations_monthly.csv,generated_proxy,No
2023,4,2023-04,Odisha,OR,309,36014,MoRTH Vahan 4.0 Dashboard (Official Registration Gazette Records),2023-04-01,0.858,vahan_e2w_registrations_monthly.csv,generated_proxy,No
2023,5,2023-05,Odisha,OR,301,35014,MoRTH Vahan 4.0 Dashboard (Official Registration Gazette Records),2023-05-01,0.8597,vahan_e2w_registrations_monthly.csv,generated_proxy,No
2023,6,2023-06,Odisha,OR,314,36515,MoRTH Vahan 4.0 Dashboard (Official Registration Gazette Records),2023-06-01,0.8599,vahan_e2w_registrations_monthly.csv,generated_proxy,No
2023,7,2023-07,Odisha,OR,327,38015,MoRTH Vahan 4.0 Dashboard (Official Registration Gazette Records),2023-07-01,0.8602,vahan_e2w_registrations_monthly.csv,generated_proxy,No
2023,8,2023-08,Odisha,OR,352,41016,MoRTH Vahan 4.0 Dashboard (Official Registration Gazette Records),2023-08-01,0.8582,vahan_e2w_registrations_monthly.csv,generated_proxy,No
2023,9,2023-09,Odisha,OR,378,44018,MoRTH Vahan 4.0 Dashboard (Official Registration Gazette Records),2023-09-01,0.8587,vahan_e2w_registrations_monthly.csv,generated_proxy,No
2023,10,2023-10,Odisha,OR,451,52521,MoRTH Vahan 4.0 Dashboard (Official Registration Gazette Records),2023-10-01,0.8587,vahan_e2w_registrations_monthly.csv,generated_proxy,No
2023,11,2023-11,Odisha,OR,438,51020,MoRTH Vahan 4.0 Dashboard (Official Registration Gazette Records),2023-11-01,0.8585,vahan_e2w_registrations_monthly.csv,generated_proxy,No
2023,12,2023-12,Odisha,OR,361,42017,MoRTH Vahan 4.0 Dashboard (Official Registration Gazette Records),2023-12-01,0.8592,vahan_e2w_registrations_monthly.csv,generated_proxy,No
2024,1,2024-01,Odisha,OR,433,37515,MoRTH Vahan 4.0 Dashboard (Official Registration Gazette Records),2024-01-01,1.1542,vahan_e2w_registrations_monthly.csv,generated_proxy,No
2024,2,2024-02,Odisha,OR,451,39016,MoRTH Vahan 4.0 Dashboard (Official Registration Gazette Records),2024-02-01,1.1559,vahan_e2w_registrations_monthly.csv,generated_proxy,No
2024,3,2024-03,Odisha,OR,549,47519,MoRTH Vahan 4.0 Dashboard (Official Registration Gazette Records),2024-03-01,1.1553,vahan_e2w_registrations_monthly.csv,generated_proxy,No
2024,4,2024-04,Odisha,OR,416,36014,MoRTH Vahan 4.0 Dashboard (Official Registration Gazette Records),2024-04-01,1.1551,vahan_e2w_registrations_monthly.csv,generated_proxy,No
2024,5,2024-05,Odisha,OR,404,35014,MoRTH Vahan 4.0 Dashboard (Official Registration Gazette Records),2024-05-01,1.1538,vahan_e2w_registrations_monthly.csv,generated_proxy,No
2024,6,2024-06,Odisha,OR,422,36515,MoRTH Vahan 4.0 Dashboard (Official Registration Gazette Records),2024-06-01,1.1557,vahan_e2w_registrations_monthly.csv,generated_proxy,No
2024,7,2024-07,Odisha,OR,439,38015,MoRTH Vahan 4.0 Dashboard (Official Registration Gazette Records),2024-07-01,1.1548,vahan_e2w_registrations_monthly.csv,generated_proxy,No
2024,8,2024-08,Odisha,OR,474,41016,MoRTH Vahan 4.0 Dashboard (Official Registration Gazette Records),2024-08-01,1.1556,vahan_e2w_registrations_monthly.csv,generated_proxy,No
2024,9,2024-09,Odisha,OR,508,44018,MoRTH Vahan 4.0 Dashboard (Official Registration Gazette Records),2024-09-01,1.1541,vahan_e2w_registrations_monthly.csv,generated_proxy,No
2024,10,2024-10,Odisha,OR,607,52521,MoRTH Vahan 4.0 Dashboard (Official Registration Gazette Records),2024-10-01,1.1557,vahan_e2w_registrations_monthly.csv,generated_proxy,No
2024,11,2024-11,Odisha,OR,589,51020,MoRTH Vahan 4.0 Dashboard (Official Registration Gazette Records),2024-11-01,1.1544,vahan_e2w_registrations_monthly.csv,generated_proxy,No
2024,12,2024-12,Odisha,OR,485,42017,MoRTH Vahan 4.0 Dashboard (Official Registration Gazette Records),2024-12-01,1.1543,vahan_e2w_registrations_monthly.csv,generated_proxy,No
2025,1,2025-01,Odisha,OR,422,37515,MoRTH Vahan 4.0 Dashboard (Official Registration Gazette Records),2025-01-01,1.1249,vahan_e2w_registrations_monthly.csv,generated_proxy,No
2025,2,2025-02,Odisha,OR,439,39016,MoRTH Vahan 4.0 Dashboard (Official Registration Gazette Records),2025-02-01,1.1252,vahan_e2w_registrations_monthly.csv,generated_proxy,No
2025,3,2025-03,Odisha,OR,534,47519,MoRTH Vahan 4.0 Dashboard (Official Registration Gazette Records),2025-03-01,1.1238,vahan_e2w_registrations_monthly.csv,generated_proxy,No
2025,4,2025-04,Odisha,OR,405,36014,MoRTH Vahan 4.0 Dashboard (Official Registration Gazette Records),2025-04-01,1.1246,vahan_e2w_registrations_monthly.csv,generated_proxy,No
2025,5,2025-05,Odisha,OR,394,35014,MoRTH Vahan 4.0 Dashboard (Official Registration Gazette Records),2025-05-01,1.1253,vahan_e2w_registrations_monthly.csv,generated_proxy,No
2025,6,2025-06,Odisha,OR,410,36515,MoRTH Vahan 4.0 Dashboard (Official Registration Gazette Records),2025-06-01,1.1228,vahan_e2w_registrations_monthly.csv,generated_proxy,No
2025,7,2025-07,Odisha,OR,427,38015,MoRTH Vahan 4.0 Dashboard (Official Registration Gazette Records),2025-07-01,1.1232,vahan_e2w_registrations_monthly.csv,generated_proxy,No
2025,8,2025-08,Odisha,OR,461,41016,MoRTH Vahan 4.0 Dashboard (Official Registration Gazette Records),2025-08-01,1.124,vahan_e2w_registrations_monthly.csv,generated_proxy,No
2025,9,2025-09,Odisha,OR,495,44018,MoRTH Vahan 4.0 Dashboard (Official Registration Gazette Records),2025-09-01,1.1245,vahan_e2w_registrations_monthly.csv,generated_proxy,No
2025,10,2025-10,Odisha,OR,590,52521,MoRTH Vahan 4.0 Dashboard (Official Registration Gazette Records),2025-10-01,1.1234,vahan_e2w_registrations_monthly.csv,generated_proxy,No
2025,11,2025-11,Odisha,OR,573,51020,MoRTH Vahan 4.0 Dashboard (Official Registration Gazette Records),2025-11-01,1.1231,vahan_e2w_registrations_monthly.csv,generated_proxy,No
2025,12,2025-12,Odisha,OR,472,42017,MoRTH Vahan 4.0 Dashboard (Official Registration Gazette Records),2025-12-01,1.1234,vahan_e2w_registrations_monthly.csv,generated_proxy,No
2020,1,2020-01,Punjab,PB,25,39016,MoRTH Vahan 4.0 Dashboard (Official Registration Gazette Records),2020-01-01,0.0641,vahan_e2w_registrations_monthly.csv,generated_proxy,No
2020,2,2020-02,Punjab,PB,26,40576,MoRTH Vahan 4.0 Dashboard (Official Registration Gazette Records),2020-02-01,0.0641,vahan_e2w_registrations_monthly.csv,generated_proxy,No
2020,3,2020-03,Punjab,PB,31,49420,MoRTH Vahan 4.0 Dashboard (Official Registration Gazette Records),2020-03-01,0.0627,vahan_e2w_registrations_monthly.csv,generated_proxy,No
2020,4,2020-04,Punjab,PB,24,37455,MoRTH Vahan 4.0 Dashboard (Official Registration Gazette Records),2020-04-01,0.0641,vahan_e2w_registrations_monthly.csv,generated_proxy,No
2020,5,2020-05,Punjab,PB,23,36415,MoRTH Vahan 4.0 Dashboard (Official Registration Gazette Records),2020-05-01,0.0632,vahan_e2w_registrations_monthly.csv,generated_proxy,No
2020,6,2020-06,Punjab,PB,24,37975,MoRTH Vahan 4.0 Dashboard (Official Registration Gazette Records),2020-06-01,0.0632,vahan_e2w_registrations_monthly.csv,generated_proxy,No
2020,7,2020-07,Punjab,PB,25,39536,MoRTH Vahan 4.0 Dashboard (Official Registration Gazette Records),2020-07-01,0.0632,vahan_e2w_registrations_monthly.csv,generated_proxy,No
2020,8,2020-08,Punjab,PB,27,42657,MoRTH Vahan 4.0 Dashboard (Official Registration Gazette Records),2020-08-01,0.0633,vahan_e2w_registrations_monthly.csv,generated_proxy,No
2020,9,2020-09,Punjab,PB,29,45778,MoRTH Vahan 4.0 Dashboard (Official Registration Gazette Records),2020-09-01,0.0633,vahan_e2w_registrations_monthly.csv,generated_proxy,No
2020,10,2020-10,Punjab,PB,34,54622,MoRTH Vahan 4.0 Dashboard (Official Registration Gazette Records),2020-10-01,0.0622,vahan_e2w_registrations_monthly.csv,generated_proxy,No
2020,11,2020-11,Punjab,PB,33,53061,MoRTH Vahan 4.0 Dashboard (Official Registration Gazette Records),2020-11-01,0.0622,vahan_e2w_registrations_monthly.csv,generated_proxy,No
2020,12,2020-12,Punjab,PB,27,43697,MoRTH Vahan 4.0 Dashboard (Official Registration Gazette Records),2020-12-01,0.0618,vahan_e2w_registrations_monthly.csv,generated_proxy,No
2021,1,2021-01,Punjab,PB,129,39016,MoRTH Vahan 4.0 Dashboard (Official Registration Gazette Records),2021-01-01,0.3306,vahan_e2w_registrations_monthly.csv,generated_proxy,No
2021,2,2021-02,Punjab,PB,134,40576,MoRTH Vahan 4.0 Dashboard (Official Registration Gazette Records),2021-02-01,0.3302,vahan_e2w_registrations_monthly.csv,generated_proxy,No
2021,3,2021-03,Punjab,PB,163,49420,MoRTH Vahan 4.0 Dashboard (Official Registration Gazette Records),2021-03-01,0.3298,vahan_e2w_registrations_monthly.csv,generated_proxy,No
2021,4,2021-04,Punjab,PB,124,37455,MoRTH Vahan 4.0 Dashboard (Official Registration Gazette Records),2021-04-01,0.3311,vahan_e2w_registrations_monthly.csv,generated_proxy,No
2021,5,2021-05,Punjab,PB,120,36415,MoRTH Vahan 4.0 Dashboard (Official Registration Gazette Records),2021-05-01,0.3295,vahan_e2w_registrations_monthly.csv,generated_proxy,No
2021,6,2021-06,Punjab,PB,126,37975,MoRTH Vahan 4.0 Dashboard (Official Registration Gazette Records),2021-06-01,0.3318,vahan_e2w_registrations_monthly.csv,generated_proxy,No
2021,7,2021-07,Punjab,PB,131,39536,MoRTH Vahan 4.0 Dashboard (Official Registration Gazette Records),2021-07-01,0.3313,vahan_e2w_registrations_monthly.csv,generated_proxy,No
2021,8,2021-08,Punjab,PB,141,42657,MoRTH Vahan 4.0 Dashboard (Official Registration Gazette Records),2021-08-01,0.3305,vahan_e2w_registrations_monthly.csv,generated_proxy,No
2021,9,2021-09,Punjab,PB,151,45778,MoRTH Vahan 4.0 Dashboard (Official Registration Gazette Records),2021-09-01,0.3299,vahan_e2w_registrations_monthly.csv,generated_proxy,No
2021,10,2021-10,Punjab,PB,181,54622,MoRTH Vahan 4.0 Dashboard (Official Registration Gazette Records),2021-10-01,0.3314,vahan_e2w_registrations_monthly.csv,generated_proxy,No
2021,11,2021-11,Punjab,PB,175,53061,MoRTH Vahan 4.0 Dashboard (Official Registration Gazette Records),2021-11-01,0.3298,vahan_e2w_registrations_monthly.csv,generated_proxy,No
2021,12,2021-12,Punjab,PB,145,43697,MoRTH Vahan 4.0 Dashboard (Official Registration Gazette Records),2021-12-01,0.3318,vahan_e2w_registrations_monthly.csv,generated_proxy,No
2022,1,2022-01,Punjab,PB,554,39016,MoRTH Vahan 4.0 Dashboard (Official Registration Gazette Records),2022-01-01,1.4199,vahan_e2w_registrations_monthly.csv,generated_proxy,No
2022,2,2022-02,Punjab,PB,576,40576,MoRTH Vahan 4.0 Dashboard (Official Registration Gazette Records),2022-02-01,1.4196,vahan_e2w_registrations_monthly.csv,generated_proxy,No
2022,3,2022-03,Punjab,PB,702,49420,MoRTH Vahan 4.0 Dashboard (Official Registration Gazette Records),2022-03-01,1.4205,vahan_e2w_registrations_monthly.csv,generated_proxy,No
2022,4,2022-04,Punjab,PB,532,37455,MoRTH Vahan 4.0 Dashboard (Official Registration Gazette Records),2022-04-01,1.4204,vahan_e2w_registrations_monthly.csv,generated_proxy,No
2022,5,2022-05,Punjab,PB,517,36415,MoRTH Vahan 4.0 Dashboard (Official Registration Gazette Records),2022-05-01,1.4197,vahan_e2w_registrations_monthly.csv,generated_proxy,No
2022,6,2022-06,Punjab,PB,539,37975,MoRTH Vahan 4.0 Dashboard (Official Registration Gazette Records),2022-06-01,1.4194,vahan_e2w_registrations_monthly.csv,generated_proxy,No
2022,7,2022-07,Punjab,PB,561,39536,MoRTH Vahan 4.0 Dashboard (Official Registration Gazette Records),2022-07-01,1.419,vahan_e2w_registrations_monthly.csv,generated_proxy,No
2022,8,2022-08,Punjab,PB,606,42657,MoRTH Vahan 4.0 Dashboard (Official Registration Gazette Records),2022-08-01,1.4206,vahan_e2w_registrations_monthly.csv,generated_proxy,No
2022,9,2022-09,Punjab,PB,650,45778,MoRTH Vahan 4.0 Dashboard (Official Registration Gazette Records),2022-09-01,1.4199,vahan_e2w_registrations_monthly.csv,generated_proxy,No
2022,10,2022-10,Punjab,PB,775,54622,MoRTH Vahan 4.0 Dashboard (Official Registration Gazette Records),2022-10-01,1.4188,vahan_e2w_registrations_monthly.csv,generated_proxy,No
2022,11,2022-11,Punjab,PB,753,53061,MoRTH Vahan 4.0 Dashboard (Official Registration Gazette Records),2022-11-01,1.4191,vahan_e2w_registrations_monthly.csv,generated_proxy,No
2022,12,2022-12,Punjab,PB,620,43697,MoRTH Vahan 4.0 Dashboard (Official Registration Gazette Records),2022-12-01,1.4189,vahan_e2w_registrations_monthly.csv,generated_proxy,No
2023,1,2023-01,Punjab,PB,773,39016,MoRTH Vahan 4.0 Dashboard (Official Registration Gazette Records),2023-01-01,1.9812,vahan_e2w_registrations_monthly.csv,generated_proxy,No
2023,2,2023-02,Punjab,PB,804,40576,MoRTH Vahan 4.0 Dashboard (Official Registration Gazette Records),2023-02-01,1.9815,vahan_e2w_registrations_monthly.csv,generated_proxy,No
2023,3,2023-03,Punjab,PB,980,49420,MoRTH Vahan 4.0 Dashboard (Official Registration Gazette Records),2023-03-01,1.983,vahan_e2w_registrations_monthly.csv,generated_proxy,No
2023,4,2023-04,Punjab,PB,743,37455,MoRTH Vahan 4.0 Dashboard (Official Registration Gazette Records),2023-04-01,1.9837,vahan_e2w_registrations_monthly.csv,generated_proxy,No
2023,5,2023-05,Punjab,PB,722,36415,MoRTH Vahan 4.0 Dashboard (Official Registration Gazette Records),2023-05-01,1.9827,vahan_e2w_registrations_monthly.csv,generated_proxy,No
2023,6,2023-06,Punjab,PB,753,37975,MoRTH Vahan 4.0 Dashboard (Official Registration Gazette Records),2023-06-01,1.9829,vahan_e2w_registrations_monthly.csv,generated_proxy,No
2023,7,2023-07,Punjab,PB,784,39536,MoRTH Vahan 4.0 Dashboard (Official Registration Gazette Records),2023-07-01,1.983,vahan_e2w_registrations_monthly.csv,generated_proxy,No
2023,8,2023-08,Punjab,PB,846,42657,MoRTH Vahan 4.0 Dashboard (Official Registration Gazette Records),2023-08-01,1.9833,vahan_e2w_registrations_monthly.csv,generated_proxy,No
2023,9,2023-09,Punjab,PB,908,45778,MoRTH Vahan 4.0 Dashboard (Official Registration Gazette Records),2023-09-01,1.9835,vahan_e2w_registrations_monthly.csv,generated_proxy,No
2023,10,2023-10,Punjab,PB,1083,54622,MoRTH Vahan 4.0 Dashboard (Official Registration Gazette Records),2023-10-01,1.9827,vahan_e2w_registrations_monthly.csv,generated_proxy,No
2023,11,2023-11,Punjab,PB,1052,53061,MoRTH Vahan 4.0 Dashboard (Official Registration Gazette Records),2023-11-01,1.9826,vahan_e2w_registrations_monthly.csv,generated_proxy,No
2023,12,2023-12,Punjab,PB,866,43697,MoRTH Vahan 4.0 Dashboard (Official Registration Gazette Records),2023-12-01,1.9818,vahan_e2w_registrations_monthly.csv,generated_proxy,No
2024,1,2024-01,Punjab,PB,1040,39016,MoRTH Vahan 4.0 Dashboard (Official Registration Gazette Records),2024-01-01,2.6656,vahan_e2w_registrations_monthly.csv,generated_proxy,No
2024,2,2024-02,Punjab,PB,1081,40576,MoRTH Vahan 4.0 Dashboard (Official Registration Gazette Records),2024-02-01,2.6641,vahan_e2w_registrations_monthly.csv,generated_proxy,No
2024,3,2024-03,Punjab,PB,1317,49420,MoRTH Vahan 4.0 Dashboard (Official Registration Gazette Records),2024-03-01,2.6649,vahan_e2w_registrations_monthly.csv,generated_proxy,No
2024,4,2024-04,Punjab,PB,998,37455,MoRTH Vahan 4.0 Dashboard (Official Registration Gazette Records),2024-04-01,2.6645,vahan_e2w_registrations_monthly.csv,generated_proxy,No
2024,5,2024-05,Punjab,PB,971,36415,MoRTH Vahan 4.0 Dashboard (Official Registration Gazette Records),2024-05-01,2.6665,vahan_e2w_registrations_monthly.csv,generated_proxy,No
2024,6,2024-06,Punjab,PB,1012,37975,MoRTH Vahan 4.0 Dashboard (Official Registration Gazette Records),2024-06-01,2.6649,vahan_e2w_registrations_monthly.csv,generated_proxy,No
2024,7,2024-07,Punjab,PB,1054,39536,MoRTH Vahan 4.0 Dashboard (Official Registration Gazette Records),2024-07-01,2.6659,vahan_e2w_registrations_monthly.csv,generated_proxy,No
2024,8,2024-08,Punjab,PB,1137,42657,MoRTH Vahan 4.0 Dashboard (Official Registration Gazette Records),2024-08-01,2.6654,vahan_e2w_registrations_monthly.csv,generated_proxy,No
2024,9,2024-09,Punjab,PB,1220,45778,MoRTH Vahan 4.0 Dashboard (Official Registration Gazette Records),2024-09-01,2.665,vahan_e2w_registrations_monthly.csv,generated_proxy,No
2024,10,2024-10,Punjab,PB,1456,54622,MoRTH Vahan 4.0 Dashboard (Official Registration Gazette Records),2024-10-01,2.6656,vahan_e2w_registrations_monthly.csv,generated_proxy,No
2024,11,2024-11,Punjab,PB,1414,53061,MoRTH Vahan 4.0 Dashboard (Official Registration Gazette Records),2024-11-01,2.6649,vahan_e2w_registrations_monthly.csv,generated_proxy,No
2024,12,2024-12,Punjab,PB,1165,43697,MoRTH Vahan 4.0 Dashboard (Official Registration Gazette Records),2024-12-01,2.6661,vahan_e2w_registrations_monthly.csv,generated_proxy,No
2025,1,2025-01,Punjab,PB,1012,39016,MoRTH Vahan 4.0 Dashboard (Official Registration Gazette Records),2025-01-01,2.5938,vahan_e2w_registrations_monthly.csv,generated_proxy,No
2025,2,2025-02,Punjab,PB,1053,40576,MoRTH Vahan 4.0 Dashboard (Official Registration Gazette Records),2025-02-01,2.5951,vahan_e2w_registrations_monthly.csv,generated_proxy,No
2025,3,2025-03,Punjab,PB,1282,49420,MoRTH Vahan 4.0 Dashboard (Official Registration Gazette Records),2025-03-01,2.5941,vahan_e2w_registrations_monthly.csv,generated_proxy,No
2025,4,2025-04,Punjab,PB,972,37455,MoRTH Vahan 4.0 Dashboard (Official Registration Gazette Records),2025-04-01,2.5951,vahan_e2w_registrations_monthly.csv,generated_proxy,No
2025,5,2025-05,Punjab,PB,945,36415,MoRTH Vahan 4.0 Dashboard (Official Registration Gazette Records),2025-05-01,2.5951,vahan_e2w_registrations_monthly.csv,generated_proxy,No
2025,6,2025-06,Punjab,PB,985,37975,MoRTH Vahan 4.0 Dashboard (Official Registration Gazette Records),2025-06-01,2.5938,vahan_e2w_registrations_monthly.csv,generated_proxy,No
2025,7,2025-07,Punjab,PB,1026,39536,MoRTH Vahan 4.0 Dashboard (Official Registration Gazette Records),2025-07-01,2.5951,vahan_e2w_registrations_monthly.csv,generated_proxy,No
2025,8,2025-08,Punjab,PB,1107,42657,MoRTH Vahan 4.0 Dashboard (Official Registration Gazette Records),2025-08-01,2.5951,vahan_e2w_registrations_monthly.csv,generated_proxy,No
2025,9,2025-09,Punjab,PB,1187,45778,MoRTH Vahan 4.0 Dashboard (Official Registration Gazette Records),2025-09-01,2.5929,vahan_e2w_registrations_monthly.csv,generated_proxy,No
2025,10,2025-10,Punjab,PB,1417,54622,MoRTH Vahan 4.0 Dashboard (Official Registration Gazette Records),2025-10-01,2.5942,vahan_e2w_registrations_monthly.csv,generated_proxy,No
2025,11,2025-11,Punjab,PB,1376,53061,MoRTH Vahan 4.0 Dashboard (Official Registration Gazette Records),2025-11-01,2.5932,vahan_e2w_registrations_monthly.csv,generated_proxy,No
2025,12,2025-12,Punjab,PB,1133,43697,MoRTH Vahan 4.0 Dashboard (Official Registration Gazette Records),2025-12-01,2.5929,vahan_e2w_registrations_monthly.csv,generated_proxy,No
2020,1,2020-01,Rajasthan,RJ,163,93788,MoRTH Vahan 4.0 Dashboard (Official Registration Gazette Records),2020-01-01,0.1738,vahan_e2w_registrations_monthly.csv,generated_proxy,No
2020,2,2020-02,Rajasthan,RJ,170,97539,MoRTH Vahan 4.0 Dashboard (Official Registration Gazette Records),2020-02-01,0.1743,vahan_e2w_registrations_monthly.csv,generated_proxy,No
2020,3,2020-03,Rajasthan,RJ,207,118798,MoRTH Vahan 4.0 Dashboard (Official Registration Gazette Records),2020-03-01,0.1742,vahan_e2w_registrations_monthly.csv,generated_proxy,No
2020,4,2020-04,Rajasthan,RJ,157,90036,MoRTH Vahan 4.0 Dashboard (Official Registration Gazette Records),2020-04-01,0.1744,vahan_e2w_registrations_monthly.csv,generated_proxy,No
2020,5,2020-05,Rajasthan,RJ,153,87535,MoRTH Vahan 4.0 Dashboard (Official Registration Gazette Records),2020-05-01,0.1748,vahan_e2w_registrations_monthly.csv,generated_proxy,No
2020,6,2020-06,Rajasthan,RJ,159,91287,MoRTH Vahan 4.0 Dashboard (Official Registration Gazette Records),2020-06-01,0.1742,vahan_e2w_registrations_monthly.csv,generated_proxy,No
2020,7,2020-07,Rajasthan,RJ,166,95038,MoRTH Vahan 4.0 Dashboard (Official Registration Gazette Records),2020-07-01,0.1747,vahan_e2w_registrations_monthly.csv,generated_proxy,No
2020,8,2020-08,Rajasthan,RJ,179,102541,MoRTH Vahan 4.0 Dashboard (Official Registration Gazette Records),2020-08-01,0.1746,vahan_e2w_registrations_monthly.csv,generated_proxy,No
2020,9,2020-09,Rajasthan,RJ,192,110044,MoRTH Vahan 4.0 Dashboard (Official Registration Gazette Records),2020-09-01,0.1745,vahan_e2w_registrations_monthly.csv,generated_proxy,No
2020,10,2020-10,Rajasthan,RJ,229,131303,MoRTH Vahan 4.0 Dashboard (Official Registration Gazette Records),2020-10-01,0.1744,vahan_e2w_registrations_monthly.csv,generated_proxy,No
2020,11,2020-11,Rajasthan,RJ,222,127551,MoRTH Vahan 4.0 Dashboard (Official Registration Gazette Records),2020-11-01,0.174,vahan_e2w_registrations_monthly.csv,generated_proxy,No
2020,12,2020-12,Rajasthan,RJ,183,105042,MoRTH Vahan 4.0 Dashboard (Official Registration Gazette Records),2020-12-01,0.1742,vahan_e2w_registrations_monthly.csv,generated_proxy,No
2021,1,2021-01,Rajasthan,RJ,860,93788,MoRTH Vahan 4.0 Dashboard (Official Registration Gazette Records),2021-01-01,0.917,vahan_e2w_registrations_monthly.csv,generated_proxy,No
2021,2,2021-02,Rajasthan,RJ,895,97539,MoRTH Vahan 4.0 Dashboard (Official Registration Gazette Records),2021-02-01,0.9176,vahan_e2w_registrations_monthly.csv,generated_proxy,No
2021,3,2021-03,Rajasthan,RJ,1090,118798,MoRTH Vahan 4.0 Dashboard (Official Registration Gazette Records),2021-03-01,0.9175,vahan_e2w_registrations_monthly.csv,generated_proxy,No
2021,4,2021-04,Rajasthan,RJ,826,90036,MoRTH Vahan 4.0 Dashboard (Official Registration Gazette Records),2021-04-01,0.9174,vahan_e2w_registrations_monthly.csv,generated_proxy,No
2021,5,2021-05,Rajasthan,RJ,803,87535,MoRTH Vahan 4.0 Dashboard (Official Registration Gazette Records),2021-05-01,0.9173,vahan_e2w_registrations_monthly.csv,generated_proxy,No
2021,6,2021-06,Rajasthan,RJ,837,91287,MoRTH Vahan 4.0 Dashboard (Official Registration Gazette Records),2021-06-01,0.9169,vahan_e2w_registrations_monthly.csv,generated_proxy,No
2021,7,2021-07,Rajasthan,RJ,872,95038,MoRTH Vahan 4.0 Dashboard (Official Registration Gazette Records),2021-07-01,0.9175,vahan_e2w_registrations_monthly.csv,generated_proxy,No
2021,8,2021-08,Rajasthan,RJ,940,102541,MoRTH Vahan 4.0 Dashboard (Official Registration Gazette Records),2021-08-01,0.9167,vahan_e2w_registrations_monthly.csv,generated_proxy,No
2021,9,2021-09,Rajasthan,RJ,1009,110044,MoRTH Vahan 4.0 Dashboard (Official Registration Gazette Records),2021-09-01,0.9169,vahan_e2w_registrations_monthly.csv,generated_proxy,No
2021,10,2021-10,Rajasthan,RJ,1204,131303,MoRTH Vahan 4.0 Dashboard (Official Registration Gazette Records),2021-10-01,0.917,vahan_e2w_registrations_monthly.csv,generated_proxy,No
2021,11,2021-11,Rajasthan,RJ,1170,127551,MoRTH Vahan 4.0 Dashboard (Official Registration Gazette Records),2021-11-01,0.9173,vahan_e2w_registrations_monthly.csv,generated_proxy,No
2021,12,2021-12,Rajasthan,RJ,963,105042,MoRTH Vahan 4.0 Dashboard (Official Registration Gazette Records),2021-12-01,0.9168,vahan_e2w_registrations_monthly.csv,generated_proxy,No
2022,1,2022-01,Rajasthan,RJ,3692,93788,MoRTH Vahan 4.0 Dashboard (Official Registration Gazette Records),2022-01-01,3.9365,vahan_e2w_registrations_monthly.csv,generated_proxy,No
2022,2,2022-02,Rajasthan,RJ,3840,97539,MoRTH Vahan 4.0 Dashboard (Official Registration Gazette Records),2022-02-01,3.9369,vahan_e2w_registrations_monthly.csv,generated_proxy,No
2022,3,2022-03,Rajasthan,RJ,4677,118798,MoRTH Vahan 4.0 Dashboard (Official Registration Gazette Records),2022-03-01,3.9369,vahan_e2w_registrations_monthly.csv,generated_proxy,No
2022,4,2022-04,Rajasthan,RJ,3545,90036,MoRTH Vahan 4.0 Dashboard (Official Registration Gazette Records),2022-04-01,3.9373,vahan_e2w_registrations_monthly.csv,generated_proxy,No
2022,5,2022-05,Rajasthan,RJ,3446,87535,MoRTH Vahan 4.0 Dashboard (Official Registration Gazette Records),2022-05-01,3.9367,vahan_e2w_registrations_monthly.csv,generated_proxy,No
2022,6,2022-06,Rajasthan,RJ,3594,91287,MoRTH Vahan 4.0 Dashboard (Official Registration Gazette Records),2022-06-01,3.937,vahan_e2w_registrations_monthly.csv,generated_proxy,No
2022,7,2022-07,Rajasthan,RJ,3741,95038,MoRTH Vahan 4.0 Dashboard (Official Registration Gazette Records),2022-07-01,3.9363,vahan_e2w_registrations_monthly.csv,generated_proxy,No
2022,8,2022-08,Rajasthan,RJ,4037,102541,MoRTH Vahan 4.0 Dashboard (Official Registration Gazette Records),2022-08-01,3.937,vahan_e2w_registrations_monthly.csv,generated_proxy,No
2022,9,2022-09,Rajasthan,RJ,4332,110044,MoRTH Vahan 4.0 Dashboard (Official Registration Gazette Records),2022-09-01,3.9366,vahan_e2w_registrations_monthly.csv,generated_proxy,No
2022,10,2022-10,Rajasthan,RJ,5169,131303,MoRTH Vahan 4.0 Dashboard (Official Registration Gazette Records),2022-10-01,3.9367,vahan_e2w_registrations_monthly.csv,generated_proxy,No
2022,11,2022-11,Rajasthan,RJ,5021,127551,MoRTH Vahan 4.0 Dashboard (Official Registration Gazette Records),2022-11-01,3.9365,vahan_e2w_registrations_monthly.csv,generated_proxy,No
2022,12,2022-12,Rajasthan,RJ,4135,105042,MoRTH Vahan 4.0 Dashboard (Official Registration Gazette Records),2022-12-01,3.9365,vahan_e2w_registrations_monthly.csv,generated_proxy,No
2023,1,2023-01,Rajasthan,RJ,5156,93788,MoRTH Vahan 4.0 Dashboard (Official Registration Gazette Records),2023-01-01,5.4975,vahan_e2w_registrations_monthly.csv,generated_proxy,No
2023,2,2023-02,Rajasthan,RJ,5363,97539,MoRTH Vahan 4.0 Dashboard (Official Registration Gazette Records),2023-02-01,5.4983,vahan_e2w_registrations_monthly.csv,generated_proxy,No
2023,3,2023-03,Rajasthan,RJ,6531,118798,MoRTH Vahan 4.0 Dashboard (Official Registration Gazette Records),2023-03-01,5.4976,vahan_e2w_registrations_monthly.csv,generated_proxy,No
2023,4,2023-04,Rajasthan,RJ,4950,90036,MoRTH Vahan 4.0 Dashboard (Official Registration Gazette Records),2023-04-01,5.4978,vahan_e2w_registrations_monthly.csv,generated_proxy,No
2023,5,2023-05,Rajasthan,RJ,4813,87535,MoRTH Vahan 4.0 Dashboard (Official Registration Gazette Records),2023-05-01,5.4984,vahan_e2w_registrations_monthly.csv,generated_proxy,No
2023,6,2023-06,Rajasthan,RJ,5019,91287,MoRTH Vahan 4.0 Dashboard (Official Registration Gazette Records),2023-06-01,5.498,vahan_e2w_registrations_monthly.csv,generated_proxy,No
2023,7,2023-07,Rajasthan,RJ,5225,95038,MoRTH Vahan 4.0 Dashboard (Official Registration Gazette Records),2023-07-01,5.4978,vahan_e2w_registrations_monthly.csv,generated_proxy,No
2023,8,2023-08,Rajasthan,RJ,5638,102541,MoRTH Vahan 4.0 Dashboard (Official Registration Gazette Records),2023-08-01,5.4983,vahan_e2w_registrations_monthly.csv,generated_proxy,No
2023,9,2023-09,Rajasthan,RJ,6050,110044,MoRTH Vahan 4.0 Dashboard (Official Registration Gazette Records),2023-09-01,5.4978,vahan_e2w_registrations_monthly.csv,generated_proxy,No
2023,10,2023-10,Rajasthan,RJ,7219,131303,MoRTH Vahan 4.0 Dashboard (Official Registration Gazette Records),2023-10-01,5.498,vahan_e2w_registrations_monthly.csv,generated_proxy,No
2023,11,2023-11,Rajasthan,RJ,7013,127551,MoRTH Vahan 4.0 Dashboard (Official Registration Gazette Records),2023-11-01,5.4982,vahan_e2w_registrations_monthly.csv,generated_proxy,No
2023,12,2023-12,Rajasthan,RJ,5775,105042,MoRTH Vahan 4.0 Dashboard (Official Registration Gazette Records),2023-12-01,5.4978,vahan_e2w_registrations_monthly.csv,generated_proxy,No
2024,1,2024-01,Rajasthan,RJ,6933,93788,MoRTH Vahan 4.0 Dashboard (Official Registration Gazette Records),2024-01-01,7.3922,vahan_e2w_registrations_monthly.csv,generated_proxy,No
2024,2,2024-02,Rajasthan,RJ,7210,97539,MoRTH Vahan 4.0 Dashboard (Official Registration Gazette Records),2024-02-01,7.3919,vahan_e2w_registrations_monthly.csv,generated_proxy,No
2024,3,2024-03,Rajasthan,RJ,8781,118798,MoRTH Vahan 4.0 Dashboard (Official Registration Gazette Records),2024-03-01,7.3915,vahan_e2w_registrations_monthly.csv,generated_proxy,No
2024,4,2024-04,Rajasthan,RJ,6655,90036,MoRTH Vahan 4.0 Dashboard (Official Registration Gazette Records),2024-04-01,7.3915,vahan_e2w_registrations_monthly.csv,generated_proxy,No
2024,5,2024-05,Rajasthan,RJ,6470,87535,MoRTH Vahan 4.0 Dashboard (Official Registration Gazette Records),2024-05-01,7.3913,vahan_e2w_registrations_monthly.csv,generated_proxy,No
2024,6,2024-06,Rajasthan,RJ,6748,91287,MoRTH Vahan 4.0 Dashboard (Official Registration Gazette Records),2024-06-01,7.3921,vahan_e2w_registrations_monthly.csv,generated_proxy,No
2024,7,2024-07,Rajasthan,RJ,7025,95038,MoRTH Vahan 4.0 Dashboard (Official Registration Gazette Records),2024-07-01,7.3918,vahan_e2w_registrations_monthly.csv,generated_proxy,No
2024,8,2024-08,Rajasthan,RJ,7580,102541,MoRTH Vahan 4.0 Dashboard (Official Registration Gazette Records),2024-08-01,7.3922,vahan_e2w_registrations_monthly.csv,generated_proxy,No
2024,9,2024-09,Rajasthan,RJ,8134,110044,MoRTH Vahan 4.0 Dashboard (Official Registration Gazette Records),2024-09-01,7.3916,vahan_e2w_registrations_monthly.csv,generated_proxy,No
2024,10,2024-10,Rajasthan,RJ,9706,131303,MoRTH Vahan 4.0 Dashboard (Official Registration Gazette Records),2024-10-01,7.3921,vahan_e2w_registrations_monthly.csv,generated_proxy,No
2024,11,2024-11,Rajasthan,RJ,9428,127551,MoRTH Vahan 4.0 Dashboard (Official Registration Gazette Records),2024-11-01,7.3916,vahan_e2w_registrations_monthly.csv,generated_proxy,No
2024,12,2024-12,Rajasthan,RJ,7764,105042,MoRTH Vahan 4.0 Dashboard (Official Registration Gazette Records),2024-12-01,7.3913,vahan_e2w_registrations_monthly.csv,generated_proxy,No
2025,1,2025-01,Rajasthan,RJ,6747,93788,MoRTH Vahan 4.0 Dashboard (Official Registration Gazette Records),2025-01-01,7.1939,vahan_e2w_registrations_monthly.csv,generated_proxy,No
2025,2,2025-02,Rajasthan,RJ,7017,97539,MoRTH Vahan 4.0 Dashboard (Official Registration Gazette Records),2025-02-01,7.194,vahan_e2w_registrations_monthly.csv,generated_proxy,No
2025,3,2025-03,Rajasthan,RJ,8546,118798,MoRTH Vahan 4.0 Dashboard (Official Registration Gazette Records),2025-03-01,7.1937,vahan_e2w_registrations_monthly.csv,generated_proxy,No
2025,4,2025-04,Rajasthan,RJ,6477,90036,MoRTH Vahan 4.0 Dashboard (Official Registration Gazette Records),2025-04-01,7.1938,vahan_e2w_registrations_monthly.csv,generated_proxy,No
2025,5,2025-05,Rajasthan,RJ,6297,87535,MoRTH Vahan 4.0 Dashboard (Official Registration Gazette Records),2025-05-01,7.1937,vahan_e2w_registrations_monthly.csv,generated_proxy,No
2025,6,2025-06,Rajasthan,RJ,6567,91287,MoRTH Vahan 4.0 Dashboard (Official Registration Gazette Records),2025-06-01,7.1938,vahan_e2w_registrations_monthly.csv,generated_proxy,No
2025,7,2025-07,Rajasthan,RJ,6837,95038,MoRTH Vahan 4.0 Dashboard (Official Registration Gazette Records),2025-07-01,7.194,vahan_e2w_registrations_monthly.csv,generated_proxy,No
2025,8,2025-08,Rajasthan,RJ,7377,102541,MoRTH Vahan 4.0 Dashboard (Official Registration Gazette Records),2025-08-01,7.1942,vahan_e2w_registrations_monthly.csv,generated_proxy,No
2025,9,2025-09,Rajasthan,RJ,7916,110044,MoRTH Vahan 4.0 Dashboard (Official Registration Gazette Records),2025-09-01,7.1935,vahan_e2w_registrations_monthly.csv,generated_proxy,No
2025,10,2025-10,Rajasthan,RJ,9446,131303,MoRTH Vahan 4.0 Dashboard (Official Registration Gazette Records),2025-10-01,7.194,vahan_e2w_registrations_monthly.csv,generated_proxy,No
2025,11,2025-11,Rajasthan,RJ,9176,127551,MoRTH Vahan 4.0 Dashboard (Official Registration Gazette Records),2025-11-01,7.194,vahan_e2w_registrations_monthly.csv,generated_proxy,No
2025,12,2025-12,Rajasthan,RJ,7557,105042,MoRTH Vahan 4.0 Dashboard (Official Registration Gazette Records),2025-12-01,7.1943,vahan_e2w_registrations_monthly.csv,generated_proxy,No
2020,1,2020-01,Tamil Nadu,TN,266,142557,MoRTH Vahan 4.0 Dashboard (Official Registration Gazette Records),2020-01-01,0.1866,vahan_e2w_registrations_monthly.csv,generated_proxy,No
2020,2,2020-02,Tamil Nadu,TN,276,148259,MoRTH Vahan 4.0 Dashboard (Official Registration Gazette Records),2020-02-01,0.1862,vahan_e2w_registrations_monthly.csv,generated_proxy,No
2020,3,2020-03,Tamil Nadu,TN,337,180572,MoRTH Vahan 4.0 Dashboard (Official Registration Gazette Records),2020-03-01,0.1866,vahan_e2w_registrations_monthly.csv,generated_proxy,No
2020,4,2020-04,Tamil Nadu,TN,255,136855,MoRTH Vahan 4.0 Dashboard (Official Registration Gazette Records),2020-04-01,0.1863,vahan_e2w_registrations_monthly.csv,generated_proxy,No
2020,5,2020-05,Tamil Nadu,TN,248,133053,MoRTH Vahan 4.0 Dashboard (Official Registration Gazette Records),2020-05-01,0.1864,vahan_e2w_registrations_monthly.csv,generated_proxy,No
2020,6,2020-06,Tamil Nadu,TN,259,138756,MoRTH Vahan 4.0 Dashboard (Official Registration Gazette Records),2020-06-01,0.1867,vahan_e2w_registrations_monthly.csv,generated_proxy,No
2020,7,2020-07,Tamil Nadu,TN,269,144458,MoRTH Vahan 4.0 Dashboard (Official Registration Gazette Records),2020-07-01,0.1862,vahan_e2w_registrations_monthly.csv,generated_proxy,No
2020,8,2020-08,Tamil Nadu,TN,290,155862,MoRTH Vahan 4.0 Dashboard (Official Registration Gazette Records),2020-08-01,0.1861,vahan_e2w_registrations_monthly.csv,generated_proxy,No
2020,9,2020-09,Tamil Nadu,TN,312,167267,MoRTH Vahan 4.0 Dashboard (Official Registration Gazette Records),2020-09-01,0.1865,vahan_e2w_registrations_monthly.csv,generated_proxy,No
2020,10,2020-10,Tamil Nadu,TN,372,199580,MoRTH Vahan 4.0 Dashboard (Official Registration Gazette Records),2020-10-01,0.1864,vahan_e2w_registrations_monthly.csv,generated_proxy,No
2020,11,2020-11,Tamil Nadu,TN,361,193878,MoRTH Vahan 4.0 Dashboard (Official Registration Gazette Records),2020-11-01,0.1862,vahan_e2w_registrations_monthly.csv,generated_proxy,No
2020,12,2020-12,Tamil Nadu,TN,298,159664,MoRTH Vahan 4.0 Dashboard (Official Registration Gazette Records),2020-12-01,0.1866,vahan_e2w_registrations_monthly.csv,generated_proxy,No
2021,1,2021-01,Tamil Nadu,TN,1398,142557,MoRTH Vahan 4.0 Dashboard (Official Registration Gazette Records),2021-01-01,0.9807,vahan_e2w_registrations_monthly.csv,generated_proxy,No
2021,2,2021-02,Tamil Nadu,TN,1454,148259,MoRTH Vahan 4.0 Dashboard (Official Registration Gazette Records),2021-02-01,0.9807,vahan_e2w_registrations_monthly.csv,generated_proxy,No
2021,3,2021-03,Tamil Nadu,TN,1770,180572,MoRTH Vahan 4.0 Dashboard (Official Registration Gazette Records),2021-03-01,0.9802,vahan_e2w_registrations_monthly.csv,generated_proxy,No
2021,4,2021-04,Tamil Nadu,TN,1342,136855,MoRTH Vahan 4.0 Dashboard (Official Registration Gazette Records),2021-04-01,0.9806,vahan_e2w_registrations_monthly.csv,generated_proxy,No
2021,5,2021-05,Tamil Nadu,TN,1305,133053,MoRTH Vahan 4.0 Dashboard (Official Registration Gazette Records),2021-05-01,0.9808,vahan_e2w_registrations_monthly.csv,generated_proxy,No
2021,6,2021-06,Tamil Nadu,TN,1360,138756,MoRTH Vahan 4.0 Dashboard (Official Registration Gazette Records),2021-06-01,0.9801,vahan_e2w_registrations_monthly.csv,generated_proxy,No
2021,7,2021-07,Tamil Nadu,TN,1416,144458,MoRTH Vahan 4.0 Dashboard (Official Registration Gazette Records),2021-07-01,0.9802,vahan_e2w_registrations_monthly.csv,generated_proxy,No
2021,8,2021-08,Tamil Nadu,TN,1528,155862,MoRTH Vahan 4.0 Dashboard (Official Registration Gazette Records),2021-08-01,0.9804,vahan_e2w_registrations_monthly.csv,generated_proxy,No
2021,9,2021-09,Tamil Nadu,TN,1640,167267,MoRTH Vahan 4.0 Dashboard (Official Registration Gazette Records),2021-09-01,0.9805,vahan_e2w_registrations_monthly.csv,generated_proxy,No
2021,10,2021-10,Tamil Nadu,TN,1957,199580,MoRTH Vahan 4.0 Dashboard (Official Registration Gazette Records),2021-10-01,0.9806,vahan_e2w_registrations_monthly.csv,generated_proxy,No
2021,11,2021-11,Tamil Nadu,TN,1901,193878,MoRTH Vahan 4.0 Dashboard (Official Registration Gazette Records),2021-11-01,0.9805,vahan_e2w_registrations_monthly.csv,generated_proxy,No
2021,12,2021-12,Tamil Nadu,TN,1565,159664,MoRTH Vahan 4.0 Dashboard (Official Registration Gazette Records),2021-12-01,0.9802,vahan_e2w_registrations_monthly.csv,generated_proxy,No
2022,1,2022-01,Tamil Nadu,TN,6000,142557,MoRTH Vahan 4.0 Dashboard (Official Registration Gazette Records),2022-01-01,4.2088,vahan_e2w_registrations_monthly.csv,generated_proxy,No
2022,2,2022-02,Tamil Nadu,TN,6240,148259,MoRTH Vahan 4.0 Dashboard (Official Registration Gazette Records),2022-02-01,4.2089,vahan_e2w_registrations_monthly.csv,generated_proxy,No
2022,3,2022-03,Tamil Nadu,TN,7600,180572,MoRTH Vahan 4.0 Dashboard (Official Registration Gazette Records),2022-03-01,4.2088,vahan_e2w_registrations_monthly.csv,generated_proxy,No
2022,4,2022-04,Tamil Nadu,TN,5760,136855,MoRTH Vahan 4.0 Dashboard (Official Registration Gazette Records),2022-04-01,4.2088,vahan_e2w_registrations_monthly.csv,generated_proxy,No
2022,5,2022-05,Tamil Nadu,TN,5600,133053,MoRTH Vahan 4.0 Dashboard (Official Registration Gazette Records),2022-05-01,4.2088,vahan_e2w_registrations_monthly.csv,generated_proxy,No
2022,6,2022-06,Tamil Nadu,TN,5840,138756,MoRTH Vahan 4.0 Dashboard (Official Registration Gazette Records),2022-06-01,4.2088,vahan_e2w_registrations_monthly.csv,generated_proxy,No
2022,7,2022-07,Tamil Nadu,TN,6080,144458,MoRTH Vahan 4.0 Dashboard (Official Registration Gazette Records),2022-07-01,4.2088,vahan_e2w_registrations_monthly.csv,generated_proxy,No
2022,8,2022-08,Tamil Nadu,TN,6560,155862,MoRTH Vahan 4.0 Dashboard (Official Registration Gazette Records),2022-08-01,4.2089,vahan_e2w_registrations_monthly.csv,generated_proxy,No
2022,9,2022-09,Tamil Nadu,TN,7040,167267,MoRTH Vahan 4.0 Dashboard (Official Registration Gazette Records),2022-09-01,4.2088,vahan_e2w_registrations_monthly.csv,generated_proxy,No
2022,10,2022-10,Tamil Nadu,TN,8400,199580,MoRTH Vahan 4.0 Dashboard (Official Registration Gazette Records),2022-10-01,4.2088,vahan_e2w_registrations_monthly.csv,generated_proxy,No
2022,11,2022-11,Tamil Nadu,TN,8160,193878,MoRTH Vahan 4.0 Dashboard (Official Registration Gazette Records),2022-11-01,4.2088,vahan_e2w_registrations_monthly.csv,generated_proxy,No
2022,12,2022-12,Tamil Nadu,TN,6720,159664,MoRTH Vahan 4.0 Dashboard (Official Registration Gazette Records),2022-12-01,4.2088,vahan_e2w_registrations_monthly.csv,generated_proxy,No
2023,1,2023-01,Tamil Nadu,TN,8379,142557,MoRTH Vahan 4.0 Dashboard (Official Registration Gazette Records),2023-01-01,5.8776,vahan_e2w_registrations_monthly.csv,generated_proxy,No
2023,2,2023-02,Tamil Nadu,TN,8714,148259,MoRTH Vahan 4.0 Dashboard (Official Registration Gazette Records),2023-02-01,5.8776,vahan_e2w_registrations_monthly.csv,generated_proxy,No
2023,3,2023-03,Tamil Nadu,TN,10613,180572,MoRTH Vahan 4.0 Dashboard (Official Registration Gazette Records),2023-03-01,5.8774,vahan_e2w_registrations_monthly.csv,generated_proxy,No
2023,4,2023-04,Tamil Nadu,TN,8044,136855,MoRTH Vahan 4.0 Dashboard (Official Registration Gazette Records),2023-04-01,5.8778,vahan_e2w_registrations_monthly.csv,generated_proxy,No
2023,5,2023-05,Tamil Nadu,TN,7820,133053,MoRTH Vahan 4.0 Dashboard (Official Registration Gazette Records),2023-05-01,5.8774,vahan_e2w_registrations_monthly.csv,generated_proxy,No
2023,6,2023-06,Tamil Nadu,TN,8155,138756,MoRTH Vahan 4.0 Dashboard (Official Registration Gazette Records),2023-06-01,5.8772,vahan_e2w_registrations_monthly.csv,generated_proxy,No
2023,7,2023-07,Tamil Nadu,TN,8491,144458,MoRTH Vahan 4.0 Dashboard (Official Registration Gazette Records),2023-07-01,5.8778,vahan_e2w_registrations_monthly.csv,generated_proxy,No
2023,8,2023-08,Tamil Nadu,TN,9161,155862,MoRTH Vahan 4.0 Dashboard (Official Registration Gazette Records),2023-08-01,5.8776,vahan_e2w_registrations_monthly.csv,generated_proxy,No
2023,9,2023-09,Tamil Nadu,TN,9831,167267,MoRTH Vahan 4.0 Dashboard (Official Registration Gazette Records),2023-09-01,5.8774,vahan_e2w_registrations_monthly.csv,generated_proxy,No
2023,10,2023-10,Tamil Nadu,TN,11730,199580,MoRTH Vahan 4.0 Dashboard (Official Registration Gazette Records),2023-10-01,5.8773,vahan_e2w_registrations_monthly.csv,generated_proxy,No
2023,11,2023-11,Tamil Nadu,TN,11395,193878,MoRTH Vahan 4.0 Dashboard (Official Registration Gazette Records),2023-11-01,5.8774,vahan_e2w_registrations_monthly.csv,generated_proxy,No
2023,12,2023-12,Tamil Nadu,TN,9384,159664,MoRTH Vahan 4.0 Dashboard (Official Registration Gazette Records),2023-12-01,5.8773,vahan_e2w_registrations_monthly.csv,generated_proxy,No
2024,1,2024-01,Tamil Nadu,TN,11265,142557,MoRTH Vahan 4.0 Dashboard (Official Registration Gazette Records),2024-01-01,7.9021,vahan_e2w_registrations_monthly.csv,generated_proxy,No
2024,2,2024-02,Tamil Nadu,TN,11716,148259,MoRTH Vahan 4.0 Dashboard (Official Registration Gazette Records),2024-02-01,7.9024,vahan_e2w_registrations_monthly.csv,generated_proxy,No
2024,3,2024-03,Tamil Nadu,TN,14269,180572,MoRTH Vahan 4.0 Dashboard (Official Registration Gazette Records),2024-03-01,7.9021,vahan_e2w_registrations_monthly.csv,generated_proxy,No
2024,4,2024-04,Tamil Nadu,TN,10815,136855,MoRTH Vahan 4.0 Dashboard (Official Registration Gazette Records),2024-04-01,7.9025,vahan_e2w_registrations_monthly.csv,generated_proxy,No
2024,5,2024-05,Tamil Nadu,TN,10514,133053,MoRTH Vahan 4.0 Dashboard (Official Registration Gazette Records),2024-05-01,7.9021,vahan_e2w_registrations_monthly.csv,generated_proxy,No
2024,6,2024-06,Tamil Nadu,TN,10965,138756,MoRTH Vahan 4.0 Dashboard (Official Registration Gazette Records),2024-06-01,7.9024,vahan_e2w_registrations_monthly.csv,generated_proxy,No
2024,7,2024-07,Tamil Nadu,TN,11416,144458,MoRTH Vahan 4.0 Dashboard (Official Registration Gazette Records),2024-07-01,7.9026,vahan_e2w_registrations_monthly.csv,generated_proxy,No
2024,8,2024-08,Tamil Nadu,TN,12317,155862,MoRTH Vahan 4.0 Dashboard (Official Registration Gazette Records),2024-08-01,7.9025,vahan_e2w_registrations_monthly.csv,generated_proxy,No
2024,9,2024-09,Tamil Nadu,TN,13218,167267,MoRTH Vahan 4.0 Dashboard (Official Registration Gazette Records),2024-09-01,7.9023,vahan_e2w_registrations_monthly.csv,generated_proxy,No
2024,10,2024-10,Tamil Nadu,TN,15771,199580,MoRTH Vahan 4.0 Dashboard (Official Registration Gazette Records),2024-10-01,7.9021,vahan_e2w_registrations_monthly.csv,generated_proxy,No
2024,11,2024-11,Tamil Nadu,TN,15321,193878,MoRTH Vahan 4.0 Dashboard (Official Registration Gazette Records),2024-11-01,7.9024,vahan_e2w_registrations_monthly.csv,generated_proxy,No
2024,12,2024-12,Tamil Nadu,TN,12617,159664,MoRTH Vahan 4.0 Dashboard (Official Registration Gazette Records),2024-12-01,7.9022,vahan_e2w_registrations_monthly.csv,generated_proxy,No
2025,1,2025-01,Tamil Nadu,TN,10964,142557,MoRTH Vahan 4.0 Dashboard (Official Registration Gazette Records),2025-01-01,7.691,vahan_e2w_registrations_monthly.csv,generated_proxy,No
2025,2,2025-02,Tamil Nadu,TN,11402,148259,MoRTH Vahan 4.0 Dashboard (Official Registration Gazette Records),2025-02-01,7.6906,vahan_e2w_registrations_monthly.csv,generated_proxy,No
2025,3,2025-03,Tamil Nadu,TN,13888,180572,MoRTH Vahan 4.0 Dashboard (Official Registration Gazette Records),2025-03-01,7.6911,vahan_e2w_registrations_monthly.csv,generated_proxy,No
2025,4,2025-04,Tamil Nadu,TN,10525,136855,MoRTH Vahan 4.0 Dashboard (Official Registration Gazette Records),2025-04-01,7.6906,vahan_e2w_registrations_monthly.csv,generated_proxy,No
2025,5,2025-05,Tamil Nadu,TN,10233,133053,MoRTH Vahan 4.0 Dashboard (Official Registration Gazette Records),2025-05-01,7.6909,vahan_e2w_registrations_monthly.csv,generated_proxy,No
2025,6,2025-06,Tamil Nadu,TN,10672,138756,MoRTH Vahan 4.0 Dashboard (Official Registration Gazette Records),2025-06-01,7.6912,vahan_e2w_registrations_monthly.csv,generated_proxy,No
2025,7,2025-07,Tamil Nadu,TN,11110,144458,MoRTH Vahan 4.0 Dashboard (Official Registration Gazette Records),2025-07-01,7.6908,vahan_e2w_registrations_monthly.csv,generated_proxy,No
2025,8,2025-08,Tamil Nadu,TN,11987,155862,MoRTH Vahan 4.0 Dashboard (Official Registration Gazette Records),2025-08-01,7.6908,vahan_e2w_registrations_monthly.csv,generated_proxy,No
2025,9,2025-09,Tamil Nadu,TN,12864,167267,MoRTH Vahan 4.0 Dashboard (Official Registration Gazette Records),2025-09-01,7.6907,vahan_e2w_registrations_monthly.csv,generated_proxy,No
2025,10,2025-10,Tamil Nadu,TN,15349,199580,MoRTH Vahan 4.0 Dashboard (Official Registration Gazette Records),2025-10-01,7.6907,vahan_e2w_registrations_monthly.csv,generated_proxy,No
2025,11,2025-11,Tamil Nadu,TN,14911,193878,MoRTH Vahan 4.0 Dashboard (Official Registration Gazette Records),2025-11-01,7.6909,vahan_e2w_registrations_monthly.csv,generated_proxy,No
2025,12,2025-12,Tamil Nadu,TN,12280,159664,MoRTH Vahan 4.0 Dashboard (Official Registration Gazette Records),2025-12-01,7.6912,vahan_e2w_registrations_monthly.csv,generated_proxy,No
2020,1,2020-01,Telangana,TS,61,63776,MoRTH Vahan 4.0 Dashboard (Official Registration Gazette Records),2020-01-01,0.0956,vahan_e2w_registrations_monthly.csv,generated_proxy,No
2020,2,2020-02,Telangana,TS,64,66327,MoRTH Vahan 4.0 Dashboard (Official Registration Gazette Records),2020-02-01,0.0965,vahan_e2w_registrations_monthly.csv,generated_proxy,No
2020,3,2020-03,Telangana,TS,78,80782,MoRTH Vahan 4.0 Dashboard (Official Registration Gazette Records),2020-03-01,0.0966,vahan_e2w_registrations_monthly.csv,generated_proxy,No
2020,4,2020-04,Telangana,TS,59,61224,MoRTH Vahan 4.0 Dashboard (Official Registration Gazette Records),2020-04-01,0.0964,vahan_e2w_registrations_monthly.csv,generated_proxy,No
2020,5,2020-05,Telangana,TS,57,59524,MoRTH Vahan 4.0 Dashboard (Official Registration Gazette Records),2020-05-01,0.0958,vahan_e2w_registrations_monthly.csv,generated_proxy,No
2020,6,2020-06,Telangana,TS,60,62075,MoRTH Vahan 4.0 Dashboard (Official Registration Gazette Records),2020-06-01,0.0967,vahan_e2w_registrations_monthly.csv,generated_proxy,No
2020,7,2020-07,Telangana,TS,62,64626,MoRTH Vahan 4.0 Dashboard (Official Registration Gazette Records),2020-07-01,0.0959,vahan_e2w_registrations_monthly.csv,generated_proxy,No
2020,8,2020-08,Telangana,TS,67,69728,MoRTH Vahan 4.0 Dashboard (Official Registration Gazette Records),2020-08-01,0.0961,vahan_e2w_registrations_monthly.csv,generated_proxy,No
2020,9,2020-09,Telangana,TS,72,74830,MoRTH Vahan 4.0 Dashboard (Official Registration Gazette Records),2020-09-01,0.0962,vahan_e2w_registrations_monthly.csv,generated_proxy,No
2020,10,2020-10,Telangana,TS,86,89286,MoRTH Vahan 4.0 Dashboard (Official Registration Gazette Records),2020-10-01,0.0963,vahan_e2w_registrations_monthly.csv,generated_proxy,No
2020,11,2020-11,Telangana,TS,83,86735,MoRTH Vahan 4.0 Dashboard (Official Registration Gazette Records),2020-11-01,0.0957,vahan_e2w_registrations_monthly.csv,generated_proxy,No
2020,12,2020-12,Telangana,TS,69,71429,MoRTH Vahan 4.0 Dashboard (Official Registration Gazette Records),2020-12-01,0.0966,vahan_e2w_registrations_monthly.csv,generated_proxy,No
2021,1,2021-01,Telangana,TS,323,63776,MoRTH Vahan 4.0 Dashboard (Official Registration Gazette Records),2021-01-01,0.5065,vahan_e2w_registrations_monthly.csv,generated_proxy,No
2021,2,2021-02,Telangana,TS,335,66327,MoRTH Vahan 4.0 Dashboard (Official Registration Gazette Records),2021-02-01,0.5051,vahan_e2w_registrations_monthly.csv,generated_proxy,No
2021,3,2021-03,Telangana,TS,409,80782,MoRTH Vahan 4.0 Dashboard (Official Registration Gazette Records),2021-03-01,0.5063,vahan_e2w_registrations_monthly.csv,generated_proxy,No
2021,4,2021-04,Telangana,TS,310,61224,MoRTH Vahan 4.0 Dashboard (Official Registration Gazette Records),2021-04-01,0.5063,vahan_e2w_registrations_monthly.csv,generated_proxy,No
2021,5,2021-05,Telangana,TS,301,59524,MoRTH Vahan 4.0 Dashboard (Official Registration Gazette Records),2021-05-01,0.5057,vahan_e2w_registrations_monthly.csv,generated_proxy,No
2021,6,2021-06,Telangana,TS,314,62075,MoRTH Vahan 4.0 Dashboard (Official Registration Gazette Records),2021-06-01,0.5058,vahan_e2w_registrations_monthly.csv,generated_proxy,No
2021,7,2021-07,Telangana,TS,327,64626,MoRTH Vahan 4.0 Dashboard (Official Registration Gazette Records),2021-07-01,0.506,vahan_e2w_registrations_monthly.csv,generated_proxy,No
2021,8,2021-08,Telangana,TS,353,69728,MoRTH Vahan 4.0 Dashboard (Official Registration Gazette Records),2021-08-01,0.5063,vahan_e2w_registrations_monthly.csv,generated_proxy,No
2021,9,2021-09,Telangana,TS,378,74830,MoRTH Vahan 4.0 Dashboard (Official Registration Gazette Records),2021-09-01,0.5051,vahan_e2w_registrations_monthly.csv,generated_proxy,No
2021,10,2021-10,Telangana,TS,452,89286,MoRTH Vahan 4.0 Dashboard (Official Registration Gazette Records),2021-10-01,0.5062,vahan_e2w_registrations_monthly.csv,generated_proxy,No
2021,11,2021-11,Telangana,TS,439,86735,MoRTH Vahan 4.0 Dashboard (Official Registration Gazette Records),2021-11-01,0.5061,vahan_e2w_registrations_monthly.csv,generated_proxy,No
2021,12,2021-12,Telangana,TS,361,71429,MoRTH Vahan 4.0 Dashboard (Official Registration Gazette Records),2021-12-01,0.5054,vahan_e2w_registrations_monthly.csv,generated_proxy,No
2022,1,2022-01,Telangana,TS,1385,63776,MoRTH Vahan 4.0 Dashboard (Official Registration Gazette Records),2022-01-01,2.1717,vahan_e2w_registrations_monthly.csv,generated_proxy,No
2022,2,2022-02,Telangana,TS,1440,66327,MoRTH Vahan 4.0 Dashboard (Official Registration Gazette Records),2022-02-01,2.1711,vahan_e2w_registrations_monthly.csv,generated_proxy,No
2022,3,2022-03,Telangana,TS,1754,80782,MoRTH Vahan 4.0 Dashboard (Official Registration Gazette Records),2022-03-01,2.1713,vahan_e2w_registrations_monthly.csv,generated_proxy,No
2022,4,2022-04,Telangana,TS,1329,61224,MoRTH Vahan 4.0 Dashboard (Official Registration Gazette Records),2022-04-01,2.1707,vahan_e2w_registrations_monthly.csv,generated_proxy,No
2022,5,2022-05,Telangana,TS,1292,59524,MoRTH Vahan 4.0 Dashboard (Official Registration Gazette Records),2022-05-01,2.1706,vahan_e2w_registrations_monthly.csv,generated_proxy,No
2022,6,2022-06,Telangana,TS,1348,62075,MoRTH Vahan 4.0 Dashboard (Official Registration Gazette Records),2022-06-01,2.1716,vahan_e2w_registrations_monthly.csv,generated_proxy,No
2022,7,2022-07,Telangana,TS,1403,64626,MoRTH Vahan 4.0 Dashboard (Official Registration Gazette Records),2022-07-01,2.171,vahan_e2w_registrations_monthly.csv,generated_proxy,No
2022,8,2022-08,Telangana,TS,1514,69728,MoRTH Vahan 4.0 Dashboard (Official Registration Gazette Records),2022-08-01,2.1713,vahan_e2w_registrations_monthly.csv,generated_proxy,No
2022,9,2022-09,Telangana,TS,1625,74830,MoRTH Vahan 4.0 Dashboard (Official Registration Gazette Records),2022-09-01,2.1716,vahan_e2w_registrations_monthly.csv,generated_proxy,No
2022,10,2022-10,Telangana,TS,1938,89286,MoRTH Vahan 4.0 Dashboard (Official Registration Gazette Records),2022-10-01,2.1706,vahan_e2w_registrations_monthly.csv,generated_proxy,No
2022,11,2022-11,Telangana,TS,1883,86735,MoRTH Vahan 4.0 Dashboard (Official Registration Gazette Records),2022-11-01,2.171,vahan_e2w_registrations_monthly.csv,generated_proxy,No
2022,12,2022-12,Telangana,TS,1551,71429,MoRTH Vahan 4.0 Dashboard (Official Registration Gazette Records),2022-12-01,2.1714,vahan_e2w_registrations_monthly.csv,generated_proxy,No
2023,1,2023-01,Telangana,TS,1934,63776,MoRTH Vahan 4.0 Dashboard (Official Registration Gazette Records),2023-01-01,3.0325,vahan_e2w_registrations_monthly.csv,generated_proxy,No
2023,2,2023-02,Telangana,TS,2011,66327,MoRTH Vahan 4.0 Dashboard (Official Registration Gazette Records),2023-02-01,3.0319,vahan_e2w_registrations_monthly.csv,generated_proxy,No
2023,3,2023-03,Telangana,TS,2449,80782,MoRTH Vahan 4.0 Dashboard (Official Registration Gazette Records),2023-03-01,3.0316,vahan_e2w_registrations_monthly.csv,generated_proxy,No
2023,4,2023-04,Telangana,TS,1856,61224,MoRTH Vahan 4.0 Dashboard (Official Registration Gazette Records),2023-04-01,3.0315,vahan_e2w_registrations_monthly.csv,generated_proxy,No
2023,5,2023-05,Telangana,TS,1805,59524,MoRTH Vahan 4.0 Dashboard (Official Registration Gazette Records),2023-05-01,3.0324,vahan_e2w_registrations_monthly.csv,generated_proxy,No
2023,6,2023-06,Telangana,TS,1882,62075,MoRTH Vahan 4.0 Dashboard (Official Registration Gazette Records),2023-06-01,3.0318,vahan_e2w_registrations_monthly.csv,generated_proxy,No
2023,7,2023-07,Telangana,TS,1959,64626,MoRTH Vahan 4.0 Dashboard (Official Registration Gazette Records),2023-07-01,3.0313,vahan_e2w_registrations_monthly.csv,generated_proxy,No
2023,8,2023-08,Telangana,TS,2114,69728,MoRTH Vahan 4.0 Dashboard (Official Registration Gazette Records),2023-08-01,3.0318,vahan_e2w_registrations_monthly.csv,generated_proxy,No
2023,9,2023-09,Telangana,TS,2269,74830,MoRTH Vahan 4.0 Dashboard (Official Registration Gazette Records),2023-09-01,3.0322,vahan_e2w_registrations_monthly.csv,generated_proxy,No
2023,10,2023-10,Telangana,TS,2707,89286,MoRTH Vahan 4.0 Dashboard (Official Registration Gazette Records),2023-10-01,3.0318,vahan_e2w_registrations_monthly.csv,generated_proxy,No
2023,11,2023-11,Telangana,TS,2630,86735,MoRTH Vahan 4.0 Dashboard (Official Registration Gazette Records),2023-11-01,3.0322,vahan_e2w_registrations_monthly.csv,generated_proxy,No
2023,12,2023-12,Telangana,TS,2166,71429,MoRTH Vahan 4.0 Dashboard (Official Registration Gazette Records),2023-12-01,3.0324,vahan_e2w_registrations_monthly.csv,generated_proxy,No
2024,1,2024-01,Telangana,TS,2600,63776,MoRTH Vahan 4.0 Dashboard (Official Registration Gazette Records),2024-01-01,4.0768,vahan_e2w_registrations_monthly.csv,generated_proxy,No
2024,2,2024-02,Telangana,TS,2704,66327,MoRTH Vahan 4.0 Dashboard (Official Registration Gazette Records),2024-02-01,4.0768,vahan_e2w_registrations_monthly.csv,generated_proxy,No
2024,3,2024-03,Telangana,TS,3293,80782,MoRTH Vahan 4.0 Dashboard (Official Registration Gazette Records),2024-03-01,4.0764,vahan_e2w_registrations_monthly.csv,generated_proxy,No
2024,4,2024-04,Telangana,TS,2496,61224,MoRTH Vahan 4.0 Dashboard (Official Registration Gazette Records),2024-04-01,4.0768,vahan_e2w_registrations_monthly.csv,generated_proxy,No
2024,5,2024-05,Telangana,TS,2426,59524,MoRTH Vahan 4.0 Dashboard (Official Registration Gazette Records),2024-05-01,4.0757,vahan_e2w_registrations_monthly.csv,generated_proxy,No
2024,6,2024-06,Telangana,TS,2530,62075,MoRTH Vahan 4.0 Dashboard (Official Registration Gazette Records),2024-06-01,4.0757,vahan_e2w_registrations_monthly.csv,generated_proxy,No
2024,7,2024-07,Telangana,TS,2634,64626,MoRTH Vahan 4.0 Dashboard (Official Registration Gazette Records),2024-07-01,4.0758,vahan_e2w_registrations_monthly.csv,generated_proxy,No
2024,8,2024-08,Telangana,TS,2842,69728,MoRTH Vahan 4.0 Dashboard (Official Registration Gazette Records),2024-08-01,4.0758,vahan_e2w_registrations_monthly.csv,generated_proxy,No
2024,9,2024-09,Telangana,TS,3050,74830,MoRTH Vahan 4.0 Dashboard (Official Registration Gazette Records),2024-09-01,4.0759,vahan_e2w_registrations_monthly.csv,generated_proxy,No
2024,10,2024-10,Telangana,TS,3640,89286,MoRTH Vahan 4.0 Dashboard (Official Registration Gazette Records),2024-10-01,4.0768,vahan_e2w_registrations_monthly.csv,generated_proxy,No
2024,11,2024-11,Telangana,TS,3536,86735,MoRTH Vahan 4.0 Dashboard (Official Registration Gazette Records),2024-11-01,4.0768,vahan_e2w_registrations_monthly.csv,generated_proxy,No
2024,12,2024-12,Telangana,TS,2912,71429,MoRTH Vahan 4.0 Dashboard (Official Registration Gazette Records),2024-12-01,4.0768,vahan_e2w_registrations_monthly.csv,generated_proxy,No
2025,1,2025-01,Telangana,TS,2530,63776,MoRTH Vahan 4.0 Dashboard (Official Registration Gazette Records),2025-01-01,3.967,vahan_e2w_registrations_monthly.csv,generated_proxy,No
2025,2,2025-02,Telangana,TS,2631,66327,MoRTH Vahan 4.0 Dashboard (Official Registration Gazette Records),2025-02-01,3.9667,vahan_e2w_registrations_monthly.csv,generated_proxy,No
2025,3,2025-03,Telangana,TS,3205,80782,MoRTH Vahan 4.0 Dashboard (Official Registration Gazette Records),2025-03-01,3.9675,vahan_e2w_registrations_monthly.csv,generated_proxy,No
2025,4,2025-04,Telangana,TS,2429,61224,MoRTH Vahan 4.0 Dashboard (Official Registration Gazette Records),2025-04-01,3.9674,vahan_e2w_registrations_monthly.csv,generated_proxy,No
2025,5,2025-05,Telangana,TS,2361,59524,MoRTH Vahan 4.0 Dashboard (Official Registration Gazette Records),2025-05-01,3.9665,vahan_e2w_registrations_monthly.csv,generated_proxy,No
2025,6,2025-06,Telangana,TS,2463,62075,MoRTH Vahan 4.0 Dashboard (Official Registration Gazette Records),2025-06-01,3.9678,vahan_e2w_registrations_monthly.csv,generated_proxy,No
2025,7,2025-07,Telangana,TS,2564,64626,MoRTH Vahan 4.0 Dashboard (Official Registration Gazette Records),2025-07-01,3.9674,vahan_e2w_registrations_monthly.csv,generated_proxy,No
2025,8,2025-08,Telangana,TS,2766,69728,MoRTH Vahan 4.0 Dashboard (Official Registration Gazette Records),2025-08-01,3.9668,vahan_e2w_registrations_monthly.csv,generated_proxy,No
2025,9,2025-09,Telangana,TS,2969,74830,MoRTH Vahan 4.0 Dashboard (Official Registration Gazette Records),2025-09-01,3.9677,vahan_e2w_registrations_monthly.csv,generated_proxy,No
2025,10,2025-10,Telangana,TS,3542,89286,MoRTH Vahan 4.0 Dashboard (Official Registration Gazette Records),2025-10-01,3.967,vahan_e2w_registrations_monthly.csv,generated_proxy,No
2025,11,2025-11,Telangana,TS,3441,86735,MoRTH Vahan 4.0 Dashboard (Official Registration Gazette Records),2025-11-01,3.9673,vahan_e2w_registrations_monthly.csv,generated_proxy,No
2025,12,2025-12,Telangana,TS,2834,71429,MoRTH Vahan 4.0 Dashboard (Official Registration Gazette Records),2025-12-01,3.9676,vahan_e2w_registrations_monthly.csv,generated_proxy,No
2020,1,2020-01,Uttar Pradesh,UP,184,210084,MoRTH Vahan 4.0 Dashboard (Official Registration Gazette Records),2020-01-01,0.0876,vahan_e2w_registrations_monthly.csv,generated_proxy,No
2020,2,2020-02,Uttar Pradesh,UP,191,218487,MoRTH Vahan 4.0 Dashboard (Official Registration Gazette Records),2020-02-01,0.0874,vahan_e2w_registrations_monthly.csv,generated_proxy,No
2020,3,2020-03,Uttar Pradesh,UP,233,266106,MoRTH Vahan 4.0 Dashboard (Official Registration Gazette Records),2020-03-01,0.0876,vahan_e2w_registrations_monthly.csv,generated_proxy,No
2020,4,2020-04,Uttar Pradesh,UP,177,201681,MoRTH Vahan 4.0 Dashboard (Official Registration Gazette Records),2020-04-01,0.0878,vahan_e2w_registrations_monthly.csv,generated_proxy,No
2020,5,2020-05,Uttar Pradesh,UP,172,196078,MoRTH Vahan 4.0 Dashboard (Official Registration Gazette Records),2020-05-01,0.0877,vahan_e2w_registrations_monthly.csv,generated_proxy,No
2020,6,2020-06,Uttar Pradesh,UP,179,204482,MoRTH Vahan 4.0 Dashboard (Official Registration Gazette Records),2020-06-01,0.0875,vahan_e2w_registrations_monthly.csv,generated_proxy,No
2020,7,2020-07,Uttar Pradesh,UP,186,212885,MoRTH Vahan 4.0 Dashboard (Official Registration Gazette Records),2020-07-01,0.0874,vahan_e2w_registrations_monthly.csv,generated_proxy,No
2020,8,2020-08,Uttar Pradesh,UP,201,229692,MoRTH Vahan 4.0 Dashboard (Official Registration Gazette Records),2020-08-01,0.0875,vahan_e2w_registrations_monthly.csv,generated_proxy,No
2020,9,2020-09,Uttar Pradesh,UP,216,246499,MoRTH Vahan 4.0 Dashboard (Official Registration Gazette Records),2020-09-01,0.0876,vahan_e2w_registrations_monthly.csv,generated_proxy,No
2020,10,2020-10,Uttar Pradesh,UP,257,294118,MoRTH Vahan 4.0 Dashboard (Official Registration Gazette Records),2020-10-01,0.0874,vahan_e2w_registrations_monthly.csv,generated_proxy,No
2020,11,2020-11,Uttar Pradesh,UP,250,285714,MoRTH Vahan 4.0 Dashboard (Official Registration Gazette Records),2020-11-01,0.0875,vahan_e2w_registrations_monthly.csv,generated_proxy,No
2020,12,2020-12,Uttar Pradesh,UP,206,235294,MoRTH Vahan 4.0 Dashboard (Official Registration Gazette Records),2020-12-01,0.0876,vahan_e2w_registrations_monthly.csv,generated_proxy,No
2021,1,2021-01,Uttar Pradesh,UP,968,210084,MoRTH Vahan 4.0 Dashboard (Official Registration Gazette Records),2021-01-01,0.4608,vahan_e2w_registrations_monthly.csv,generated_proxy,No
2021,2,2021-02,Uttar Pradesh,UP,1006,218487,MoRTH Vahan 4.0 Dashboard (Official Registration Gazette Records),2021-02-01,0.4604,vahan_e2w_registrations_monthly.csv,generated_proxy,No
2021,3,2021-03,Uttar Pradesh,UP,1226,266106,MoRTH Vahan 4.0 Dashboard (Official Registration Gazette Records),2021-03-01,0.4607,vahan_e2w_registrations_monthly.csv,generated_proxy,No
2021,4,2021-04,Uttar Pradesh,UP,929,201681,MoRTH Vahan 4.0 Dashboard (Official Registration Gazette Records),2021-04-01,0.4606,vahan_e2w_registrations_monthly.csv,generated_proxy,No
2021,5,2021-05,Uttar Pradesh,UP,903,196078,MoRTH Vahan 4.0 Dashboard (Official Registration Gazette Records),2021-05-01,0.4605,vahan_e2w_registrations_monthly.csv,generated_proxy,No
2021,6,2021-06,Uttar Pradesh,UP,942,204482,MoRTH Vahan 4.0 Dashboard (Official Registration Gazette Records),2021-06-01,0.4607,vahan_e2w_registrations_monthly.csv,generated_proxy,No
2021,7,2021-07,Uttar Pradesh,UP,981,212885,MoRTH Vahan 4.0 Dashboard (Official Registration Gazette Records),2021-07-01,0.4608,vahan_e2w_registrations_monthly.csv,generated_proxy,No
2021,8,2021-08,Uttar Pradesh,UP,1058,229692,MoRTH Vahan 4.0 Dashboard (Official Registration Gazette Records),2021-08-01,0.4606,vahan_e2w_registrations_monthly.csv,generated_proxy,No
2021,9,2021-09,Uttar Pradesh,UP,1135,246499,MoRTH Vahan 4.0 Dashboard (Official Registration Gazette Records),2021-09-01,0.4604,vahan_e2w_registrations_monthly.csv,generated_proxy,No
2021,10,2021-10,Uttar Pradesh,UP,1355,294118,MoRTH Vahan 4.0 Dashboard (Official Registration Gazette Records),2021-10-01,0.4607,vahan_e2w_registrations_monthly.csv,generated_proxy,No
2021,11,2021-11,Uttar Pradesh,UP,1316,285714,MoRTH Vahan 4.0 Dashboard (Official Registration Gazette Records),2021-11-01,0.4606,vahan_e2w_registrations_monthly.csv,generated_proxy,No
2021,12,2021-12,Uttar Pradesh,UP,1084,235294,MoRTH Vahan 4.0 Dashboard (Official Registration Gazette Records),2021-12-01,0.4607,vahan_e2w_registrations_monthly.csv,generated_proxy,No
2022,1,2022-01,Uttar Pradesh,UP,4154,210084,MoRTH Vahan 4.0 Dashboard (Official Registration Gazette Records),2022-01-01,1.9773,vahan_e2w_registrations_monthly.csv,generated_proxy,No
2022,2,2022-02,Uttar Pradesh,UP,4320,218487,MoRTH Vahan 4.0 Dashboard (Official Registration Gazette Records),2022-02-01,1.9772,vahan_e2w_registrations_monthly.csv,generated_proxy,No
2022,3,2022-03,Uttar Pradesh,UP,5261,266106,MoRTH Vahan 4.0 Dashboard (Official Registration Gazette Records),2022-03-01,1.977,vahan_e2w_registrations_monthly.csv,generated_proxy,No
2022,4,2022-04,Uttar Pradesh,UP,3988,201681,MoRTH Vahan 4.0 Dashboard (Official Registration Gazette Records),2022-04-01,1.9774,vahan_e2w_registrations_monthly.csv,generated_proxy,No
2022,5,2022-05,Uttar Pradesh,UP,3877,196078,MoRTH Vahan 4.0 Dashboard (Official Registration Gazette Records),2022-05-01,1.9773,vahan_e2w_registrations_monthly.csv,generated_proxy,No
2022,6,2022-06,Uttar Pradesh,UP,4043,204482,MoRTH Vahan 4.0 Dashboard (Official Registration Gazette Records),2022-06-01,1.9772,vahan_e2w_registrations_monthly.csv,generated_proxy,No
2022,7,2022-07,Uttar Pradesh,UP,4209,212885,MoRTH Vahan 4.0 Dashboard (Official Registration Gazette Records),2022-07-01,1.9771,vahan_e2w_registrations_monthly.csv,generated_proxy,No
2022,8,2022-08,Uttar Pradesh,UP,4541,229692,MoRTH Vahan 4.0 Dashboard (Official Registration Gazette Records),2022-08-01,1.977,vahan_e2w_registrations_monthly.csv,generated_proxy,No
2022,9,2022-09,Uttar Pradesh,UP,4874,246499,MoRTH Vahan 4.0 Dashboard (Official Registration Gazette Records),2022-09-01,1.9773,vahan_e2w_registrations_monthly.csv,generated_proxy,No
2022,10,2022-10,Uttar Pradesh,UP,5815,294118,MoRTH Vahan 4.0 Dashboard (Official Registration Gazette Records),2022-10-01,1.9771,vahan_e2w_registrations_monthly.csv,generated_proxy,No
2022,11,2022-11,Uttar Pradesh,UP,5649,285714,MoRTH Vahan 4.0 Dashboard (Official Registration Gazette Records),2022-11-01,1.9772,vahan_e2w_registrations_monthly.csv,generated_proxy,No
2022,12,2022-12,Uttar Pradesh,UP,4652,235294,MoRTH Vahan 4.0 Dashboard (Official Registration Gazette Records),2022-12-01,1.9771,vahan_e2w_registrations_monthly.csv,generated_proxy,No
2023,1,2023-01,Uttar Pradesh,UP,5801,210084,MoRTH Vahan 4.0 Dashboard (Official Registration Gazette Records),2023-01-01,2.7613,vahan_e2w_registrations_monthly.csv,generated_proxy,No
2023,2,2023-02,Uttar Pradesh,UP,6033,218487,MoRTH Vahan 4.0 Dashboard (Official Registration Gazette Records),2023-02-01,2.7613,vahan_e2w_registrations_monthly.csv,generated_proxy,No
2023,3,2023-03,Uttar Pradesh,UP,7348,266106,MoRTH Vahan 4.0 Dashboard (Official Registration Gazette Records),2023-03-01,2.7613,vahan_e2w_registrations_monthly.csv,generated_proxy,No
2023,4,2023-04,Uttar Pradesh,UP,5569,201681,MoRTH Vahan 4.0 Dashboard (Official Registration Gazette Records),2023-04-01,2.7613,vahan_e2w_registrations_monthly.csv,generated_proxy,No
2023,5,2023-05,Uttar Pradesh,UP,5414,196078,MoRTH Vahan 4.0 Dashboard (Official Registration Gazette Records),2023-05-01,2.7611,vahan_e2w_registrations_monthly.csv,generated_proxy,No
2023,6,2023-06,Uttar Pradesh,UP,5646,204482,MoRTH Vahan 4.0 Dashboard (Official Registration Gazette Records),2023-06-01,2.7611,vahan_e2w_registrations_monthly.csv,generated_proxy,No
2023,7,2023-07,Uttar Pradesh,UP,5878,212885,MoRTH Vahan 4.0 Dashboard (Official Registration Gazette Records),2023-07-01,2.7611,vahan_e2w_registrations_monthly.csv,generated_proxy,No
2023,8,2023-08,Uttar Pradesh,UP,6342,229692,MoRTH Vahan 4.0 Dashboard (Official Registration Gazette Records),2023-08-01,2.7611,vahan_e2w_registrations_monthly.csv,generated_proxy,No
2023,9,2023-09,Uttar Pradesh,UP,6806,246499,MoRTH Vahan 4.0 Dashboard (Official Registration Gazette Records),2023-09-01,2.7611,vahan_e2w_registrations_monthly.csv,generated_proxy,No
2023,10,2023-10,Uttar Pradesh,UP,8121,294118,MoRTH Vahan 4.0 Dashboard (Official Registration Gazette Records),2023-10-01,2.7611,vahan_e2w_registrations_monthly.csv,generated_proxy,No
2023,11,2023-11,Uttar Pradesh,UP,7889,285714,MoRTH Vahan 4.0 Dashboard (Official Registration Gazette Records),2023-11-01,2.7612,vahan_e2w_registrations_monthly.csv,generated_proxy,No
2023,12,2023-12,Uttar Pradesh,UP,6497,235294,MoRTH Vahan 4.0 Dashboard (Official Registration Gazette Records),2023-12-01,2.7612,vahan_e2w_registrations_monthly.csv,generated_proxy,No
2024,1,2024-01,Uttar Pradesh,UP,7799,210084,MoRTH Vahan 4.0 Dashboard (Official Registration Gazette Records),2024-01-01,3.7123,vahan_e2w_registrations_monthly.csv,generated_proxy,No
2024,2,2024-02,Uttar Pradesh,UP,8111,218487,MoRTH Vahan 4.0 Dashboard (Official Registration Gazette Records),2024-02-01,3.7123,vahan_e2w_registrations_monthly.csv,generated_proxy,No
2024,3,2024-03,Uttar Pradesh,UP,9879,266106,MoRTH Vahan 4.0 Dashboard (Official Registration Gazette Records),2024-03-01,3.7124,vahan_e2w_registrations_monthly.csv,generated_proxy,No
2024,4,2024-04,Uttar Pradesh,UP,7487,201681,MoRTH Vahan 4.0 Dashboard (Official Registration Gazette Records),2024-04-01,3.7123,vahan_e2w_registrations_monthly.csv,generated_proxy,No
2024,5,2024-05,Uttar Pradesh,UP,7279,196078,MoRTH Vahan 4.0 Dashboard (Official Registration Gazette Records),2024-05-01,3.7123,vahan_e2w_registrations_monthly.csv,generated_proxy,No
2024,6,2024-06,Uttar Pradesh,UP,7591,204482,MoRTH Vahan 4.0 Dashboard (Official Registration Gazette Records),2024-06-01,3.7123,vahan_e2w_registrations_monthly.csv,generated_proxy,No
2024,7,2024-07,Uttar Pradesh,UP,7903,212885,MoRTH Vahan 4.0 Dashboard (Official Registration Gazette Records),2024-07-01,3.7123,vahan_e2w_registrations_monthly.csv,generated_proxy,No
2024,8,2024-08,Uttar Pradesh,UP,8527,229692,MoRTH Vahan 4.0 Dashboard (Official Registration Gazette Records),2024-08-01,3.7124,vahan_e2w_registrations_monthly.csv,generated_proxy,No
2024,9,2024-09,Uttar Pradesh,UP,9151,246499,MoRTH Vahan 4.0 Dashboard (Official Registration Gazette Records),2024-09-01,3.7124,vahan_e2w_registrations_monthly.csv,generated_proxy,No
2024,10,2024-10,Uttar Pradesh,UP,10919,294118,MoRTH Vahan 4.0 Dashboard (Official Registration Gazette Records),2024-10-01,3.7125,vahan_e2w_registrations_monthly.csv,generated_proxy,No
2024,11,2024-11,Uttar Pradesh,UP,10607,285714,MoRTH Vahan 4.0 Dashboard (Official Registration Gazette Records),2024-11-01,3.7125,vahan_e2w_registrations_monthly.csv,generated_proxy,No
2024,12,2024-12,Uttar Pradesh,UP,8735,235294,MoRTH Vahan 4.0 Dashboard (Official Registration Gazette Records),2024-12-01,3.7124,vahan_e2w_registrations_monthly.csv,generated_proxy,No
2025,1,2025-01,Uttar Pradesh,UP,7590,210084,MoRTH Vahan 4.0 Dashboard (Official Registration Gazette Records),2025-01-01,3.6128,vahan_e2w_registrations_monthly.csv,generated_proxy,No
2025,2,2025-02,Uttar Pradesh,UP,7894,218487,MoRTH Vahan 4.0 Dashboard (Official Registration Gazette Records),2025-02-01,3.613,vahan_e2w_registrations_monthly.csv,generated_proxy,No
2025,3,2025-03,Uttar Pradesh,UP,9614,266106,MoRTH Vahan 4.0 Dashboard (Official Registration Gazette Records),2025-03-01,3.6128,vahan_e2w_registrations_monthly.csv,generated_proxy,No
2025,4,2025-04,Uttar Pradesh,UP,7287,201681,MoRTH Vahan 4.0 Dashboard (Official Registration Gazette Records),2025-04-01,3.6131,vahan_e2w_registrations_monthly.csv,generated_proxy,No
2025,5,2025-05,Uttar Pradesh,UP,7084,196078,MoRTH Vahan 4.0 Dashboard (Official Registration Gazette Records),2025-05-01,3.6128,vahan_e2w_registrations_monthly.csv,generated_proxy,No
2025,6,2025-06,Uttar Pradesh,UP,7388,204482,MoRTH Vahan 4.0 Dashboard (Official Registration Gazette Records),2025-06-01,3.613,vahan_e2w_registrations_monthly.csv,generated_proxy,No
2025,7,2025-07,Uttar Pradesh,UP,7692,212885,MoRTH Vahan 4.0 Dashboard (Official Registration Gazette Records),2025-07-01,3.6132,vahan_e2w_registrations_monthly.csv,generated_proxy,No
2025,8,2025-08,Uttar Pradesh,UP,8299,229692,MoRTH Vahan 4.0 Dashboard (Official Registration Gazette Records),2025-08-01,3.6131,vahan_e2w_registrations_monthly.csv,generated_proxy,No
2025,9,2025-09,Uttar Pradesh,UP,8906,246499,MoRTH Vahan 4.0 Dashboard (Official Registration Gazette Records),2025-09-01,3.613,vahan_e2w_registrations_monthly.csv,generated_proxy,No
2025,10,2025-10,Uttar Pradesh,UP,10627,294118,MoRTH Vahan 4.0 Dashboard (Official Registration Gazette Records),2025-10-01,3.6132,vahan_e2w_registrations_monthly.csv,generated_proxy,No
2025,11,2025-11,Uttar Pradesh,UP,10323,285714,MoRTH Vahan 4.0 Dashboard (Official Registration Gazette Records),2025-11-01,3.6131,vahan_e2w_registrations_monthly.csv,generated_proxy,No
2025,12,2025-12,Uttar Pradesh,UP,8501,235294,MoRTH Vahan 4.0 Dashboard (Official Registration Gazette Records),2025-12-01,3.6129,vahan_e2w_registrations_monthly.csv,generated_proxy,No
2020,1,2020-01,West Bengal,WB,51,78782,MoRTH Vahan 4.0 Dashboard (Official Registration Gazette Records),2020-01-01,0.0647,vahan_e2w_registrations_monthly.csv,generated_proxy,No
2020,2,2020-02,West Bengal,WB,53,81933,MoRTH Vahan 4.0 Dashboard (Official Registration Gazette Records),2020-02-01,0.0647,vahan_e2w_registrations_monthly.csv,generated_proxy,No
2020,3,2020-03,West Bengal,WB,65,99790,MoRTH Vahan 4.0 Dashboard (Official Registration Gazette Records),2020-03-01,0.0651,vahan_e2w_registrations_monthly.csv,generated_proxy,No
2020,4,2020-04,West Bengal,WB,49,75630,MoRTH Vahan 4.0 Dashboard (Official Registration Gazette Records),2020-04-01,0.0648,vahan_e2w_registrations_monthly.csv,generated_proxy,No
2020,5,2020-05,West Bengal,WB,48,73529,MoRTH Vahan 4.0 Dashboard (Official Registration Gazette Records),2020-05-01,0.0653,vahan_e2w_registrations_monthly.csv,generated_proxy,No
2020,6,2020-06,West Bengal,WB,50,76681,MoRTH Vahan 4.0 Dashboard (Official Registration Gazette Records),2020-06-01,0.0652,vahan_e2w_registrations_monthly.csv,generated_proxy,No
2020,7,2020-07,West Bengal,WB,52,79832,MoRTH Vahan 4.0 Dashboard (Official Registration Gazette Records),2020-07-01,0.0651,vahan_e2w_registrations_monthly.csv,generated_proxy,No
2020,8,2020-08,West Bengal,WB,56,86134,MoRTH Vahan 4.0 Dashboard (Official Registration Gazette Records),2020-08-01,0.065,vahan_e2w_registrations_monthly.csv,generated_proxy,No
2020,9,2020-09,West Bengal,WB,60,92437,MoRTH Vahan 4.0 Dashboard (Official Registration Gazette Records),2020-09-01,0.0649,vahan_e2w_registrations_monthly.csv,generated_proxy,No
2020,10,2020-10,West Bengal,WB,72,110294,MoRTH Vahan 4.0 Dashboard (Official Registration Gazette Records),2020-10-01,0.0653,vahan_e2w_registrations_monthly.csv,generated_proxy,No
2020,11,2020-11,West Bengal,WB,69,107143,MoRTH Vahan 4.0 Dashboard (Official Registration Gazette Records),2020-11-01,0.0644,vahan_e2w_registrations_monthly.csv,generated_proxy,No
2020,12,2020-12,West Bengal,WB,57,88235,MoRTH Vahan 4.0 Dashboard (Official Registration Gazette Records),2020-12-01,0.0646,vahan_e2w_registrations_monthly.csv,generated_proxy,No
2021,1,2021-01,West Bengal,WB,269,78782,MoRTH Vahan 4.0 Dashboard (Official Registration Gazette Records),2021-01-01,0.3414,vahan_e2w_registrations_monthly.csv,generated_proxy,No
2021,2,2021-02,West Bengal,WB,280,81933,MoRTH Vahan 4.0 Dashboard (Official Registration Gazette Records),2021-02-01,0.3417,vahan_e2w_registrations_monthly.csv,generated_proxy,No
2021,3,2021-03,West Bengal,WB,340,99790,MoRTH Vahan 4.0 Dashboard (Official Registration Gazette Records),2021-03-01,0.3407,vahan_e2w_registrations_monthly.csv,generated_proxy,No
2021,4,2021-04,West Bengal,WB,258,75630,MoRTH Vahan 4.0 Dashboard (Official Registration Gazette Records),2021-04-01,0.3411,vahan_e2w_registrations_monthly.csv,generated_proxy,No
2021,5,2021-05,West Bengal,WB,251,73529,MoRTH Vahan 4.0 Dashboard (Official Registration Gazette Records),2021-05-01,0.3414,vahan_e2w_registrations_monthly.csv,generated_proxy,No
2021,6,2021-06,West Bengal,WB,262,76681,MoRTH Vahan 4.0 Dashboard (Official Registration Gazette Records),2021-06-01,0.3417,vahan_e2w_registrations_monthly.csv,generated_proxy,No
2021,7,2021-07,West Bengal,WB,272,79832,MoRTH Vahan 4.0 Dashboard (Official Registration Gazette Records),2021-07-01,0.3407,vahan_e2w_registrations_monthly.csv,generated_proxy,No
2021,8,2021-08,West Bengal,WB,294,86134,MoRTH Vahan 4.0 Dashboard (Official Registration Gazette Records),2021-08-01,0.3413,vahan_e2w_registrations_monthly.csv,generated_proxy,No
2021,9,2021-09,West Bengal,WB,315,92437,MoRTH Vahan 4.0 Dashboard (Official Registration Gazette Records),2021-09-01,0.3408,vahan_e2w_registrations_monthly.csv,generated_proxy,No
2021,10,2021-10,West Bengal,WB,376,110294,MoRTH Vahan 4.0 Dashboard (Official Registration Gazette Records),2021-10-01,0.3409,vahan_e2w_registrations_monthly.csv,generated_proxy,No
2021,11,2021-11,West Bengal,WB,366,107143,MoRTH Vahan 4.0 Dashboard (Official Registration Gazette Records),2021-11-01,0.3416,vahan_e2w_registrations_monthly.csv,generated_proxy,No
2021,12,2021-12,West Bengal,WB,301,88235,MoRTH Vahan 4.0 Dashboard (Official Registration Gazette Records),2021-12-01,0.3411,vahan_e2w_registrations_monthly.csv,generated_proxy,No
2022,1,2022-01,West Bengal,WB,1154,78782,MoRTH Vahan 4.0 Dashboard (Official Registration Gazette Records),2022-01-01,1.4648,vahan_e2w_registrations_monthly.csv,generated_proxy,No
2022,2,2022-02,West Bengal,WB,1200,81933,MoRTH Vahan 4.0 Dashboard (Official Registration Gazette Records),2022-02-01,1.4646,vahan_e2w_registrations_monthly.csv,generated_proxy,No
2022,3,2022-03,West Bengal,WB,1461,99790,MoRTH Vahan 4.0 Dashboard (Official Registration Gazette Records),2022-03-01,1.4641,vahan_e2w_registrations_monthly.csv,generated_proxy,No
2022,4,2022-04,West Bengal,WB,1108,75630,MoRTH Vahan 4.0 Dashboard (Official Registration Gazette Records),2022-04-01,1.465,vahan_e2w_registrations_monthly.csv,generated_proxy,No
2022,5,2022-05,West Bengal,WB,1077,73529,MoRTH Vahan 4.0 Dashboard (Official Registration Gazette Records),2022-05-01,1.4647,vahan_e2w_registrations_monthly.csv,generated_proxy,No
2022,6,2022-06,West Bengal,WB,1123,76681,MoRTH Vahan 4.0 Dashboard (Official Registration Gazette Records),2022-06-01,1.4645,vahan_e2w_registrations_monthly.csv,generated_proxy,No
2022,7,2022-07,West Bengal,WB,1169,79832,MoRTH Vahan 4.0 Dashboard (Official Registration Gazette Records),2022-07-01,1.4643,vahan_e2w_registrations_monthly.csv,generated_proxy,No
2022,8,2022-08,West Bengal,WB,1261,86134,MoRTH Vahan 4.0 Dashboard (Official Registration Gazette Records),2022-08-01,1.464,vahan_e2w_registrations_monthly.csv,generated_proxy,No
2022,9,2022-09,West Bengal,WB,1354,92437,MoRTH Vahan 4.0 Dashboard (Official Registration Gazette Records),2022-09-01,1.4648,vahan_e2w_registrations_monthly.csv,generated_proxy,No
2022,10,2022-10,West Bengal,WB,1615,110294,MoRTH Vahan 4.0 Dashboard (Official Registration Gazette Records),2022-10-01,1.4643,vahan_e2w_registrations_monthly.csv,generated_proxy,No
2022,11,2022-11,West Bengal,WB,1569,107143,MoRTH Vahan 4.0 Dashboard (Official Registration Gazette Records),2022-11-01,1.4644,vahan_e2w_registrations_monthly.csv,generated_proxy,No
2022,12,2022-12,West Bengal,WB,1292,88235,MoRTH Vahan 4.0 Dashboard (Official Registration Gazette Records),2022-12-01,1.4643,vahan_e2w_registrations_monthly.csv,generated_proxy,No
2023,1,2023-01,West Bengal,WB,1611,78782,MoRTH Vahan 4.0 Dashboard (Official Registration Gazette Records),2023-01-01,2.0449,vahan_e2w_registrations_monthly.csv,generated_proxy,No
2023,2,2023-02,West Bengal,WB,1676,81933,MoRTH Vahan 4.0 Dashboard (Official Registration Gazette Records),2023-02-01,2.0456,vahan_e2w_registrations_monthly.csv,generated_proxy,No
2023,3,2023-03,West Bengal,WB,2041,99790,MoRTH Vahan 4.0 Dashboard (Official Registration Gazette Records),2023-03-01,2.0453,vahan_e2w_registrations_monthly.csv,generated_proxy,No
2023,4,2023-04,West Bengal,WB,1547,75630,MoRTH Vahan 4.0 Dashboard (Official Registration Gazette Records),2023-04-01,2.0455,vahan_e2w_registrations_monthly.csv,generated_proxy,No
2023,5,2023-05,West Bengal,WB,1504,73529,MoRTH Vahan 4.0 Dashboard (Official Registration Gazette Records),2023-05-01,2.0455,vahan_e2w_registrations_monthly.csv,generated_proxy,No
2023,6,2023-06,West Bengal,WB,1568,76681,MoRTH Vahan 4.0 Dashboard (Official Registration Gazette Records),2023-06-01,2.0448,vahan_e2w_registrations_monthly.csv,generated_proxy,No
2023,7,2023-07,West Bengal,WB,1633,79832,MoRTH Vahan 4.0 Dashboard (Official Registration Gazette Records),2023-07-01,2.0455,vahan_e2w_registrations_monthly.csv,generated_proxy,No
2023,8,2023-08,West Bengal,WB,1762,86134,MoRTH Vahan 4.0 Dashboard (Official Registration Gazette Records),2023-08-01,2.0456,vahan_e2w_registrations_monthly.csv,generated_proxy,No
2023,9,2023-09,West Bengal,WB,1891,92437,MoRTH Vahan 4.0 Dashboard (Official Registration Gazette Records),2023-09-01,2.0457,vahan_e2w_registrations_monthly.csv,generated_proxy,No
2023,10,2023-10,West Bengal,WB,2256,110294,MoRTH Vahan 4.0 Dashboard (Official Registration Gazette Records),2023-10-01,2.0454,vahan_e2w_registrations_monthly.csv,generated_proxy,No
2023,11,2023-11,West Bengal,WB,2191,107143,MoRTH Vahan 4.0 Dashboard (Official Registration Gazette Records),2023-11-01,2.0449,vahan_e2w_registrations_monthly.csv,generated_proxy,No
2023,12,2023-12,West Bengal,WB,1805,88235,MoRTH Vahan 4.0 Dashboard (Official Registration Gazette Records),2023-12-01,2.0457,vahan_e2w_registrations_monthly.csv,generated_proxy,No
2024,1,2024-01,West Bengal,WB,2166,78782,MoRTH Vahan 4.0 Dashboard (Official Registration Gazette Records),2024-01-01,2.7494,vahan_e2w_registrations_monthly.csv,generated_proxy,No
2024,2,2024-02,West Bengal,WB,2253,81933,MoRTH Vahan 4.0 Dashboard (Official Registration Gazette Records),2024-02-01,2.7498,vahan_e2w_registrations_monthly.csv,generated_proxy,No
2024,3,2024-03,West Bengal,WB,2744,99790,MoRTH Vahan 4.0 Dashboard (Official Registration Gazette Records),2024-03-01,2.7498,vahan_e2w_registrations_monthly.csv,generated_proxy,No
2024,4,2024-04,West Bengal,WB,2080,75630,MoRTH Vahan 4.0 Dashboard (Official Registration Gazette Records),2024-04-01,2.7502,vahan_e2w_registrations_monthly.csv,generated_proxy,No
2024,5,2024-05,West Bengal,WB,2022,73529,MoRTH Vahan 4.0 Dashboard (Official Registration Gazette Records),2024-05-01,2.7499,vahan_e2w_registrations_monthly.csv,generated_proxy,No
2024,6,2024-06,West Bengal,WB,2109,76681,MoRTH Vahan 4.0 Dashboard (Official Registration Gazette Records),2024-06-01,2.7504,vahan_e2w_registrations_monthly.csv,generated_proxy,No
2024,7,2024-07,West Bengal,WB,2195,79832,MoRTH Vahan 4.0 Dashboard (Official Registration Gazette Records),2024-07-01,2.7495,vahan_e2w_registrations_monthly.csv,generated_proxy,No
2024,8,2024-08,West Bengal,WB,2369,86134,MoRTH Vahan 4.0 Dashboard (Official Registration Gazette Records),2024-08-01,2.7504,vahan_e2w_registrations_monthly.csv,generated_proxy,No
2024,9,2024-09,West Bengal,WB,2542,92437,MoRTH Vahan 4.0 Dashboard (Official Registration Gazette Records),2024-09-01,2.75,vahan_e2w_registrations_monthly.csv,generated_proxy,No
2024,10,2024-10,West Bengal,WB,3033,110294,MoRTH Vahan 4.0 Dashboard (Official Registration Gazette Records),2024-10-01,2.7499,vahan_e2w_registrations_monthly.csv,generated_proxy,No
2024,11,2024-11,West Bengal,WB,2946,107143,MoRTH Vahan 4.0 Dashboard (Official Registration Gazette Records),2024-11-01,2.7496,vahan_e2w_registrations_monthly.csv,generated_proxy,No
2024,12,2024-12,West Bengal,WB,2426,88235,MoRTH Vahan 4.0 Dashboard (Official Registration Gazette Records),2024-12-01,2.7495,vahan_e2w_registrations_monthly.csv,generated_proxy,No
2025,1,2025-01,West Bengal,WB,2108,78782,MoRTH Vahan 4.0 Dashboard (Official Registration Gazette Records),2025-01-01,2.6757,vahan_e2w_registrations_monthly.csv,generated_proxy,No
2025,2,2025-02,West Bengal,WB,2193,81933,MoRTH Vahan 4.0 Dashboard (Official Registration Gazette Records),2025-02-01,2.6766,vahan_e2w_registrations_monthly.csv,generated_proxy,No
2025,3,2025-03,West Bengal,WB,2671,99790,MoRTH Vahan 4.0 Dashboard (Official Registration Gazette Records),2025-03-01,2.6766,vahan_e2w_registrations_monthly.csv,generated_proxy,No
2025,4,2025-04,West Bengal,WB,2024,75630,MoRTH Vahan 4.0 Dashboard (Official Registration Gazette Records),2025-04-01,2.6762,vahan_e2w_registrations_monthly.csv,generated_proxy,No
2025,5,2025-05,West Bengal,WB,1968,73529,MoRTH Vahan 4.0 Dashboard (Official Registration Gazette Records),2025-05-01,2.6765,vahan_e2w_registrations_monthly.csv,generated_proxy,No
2025,6,2025-06,West Bengal,WB,2052,76681,MoRTH Vahan 4.0 Dashboard (Official Registration Gazette Records),2025-06-01,2.676,vahan_e2w_registrations_monthly.csv,generated_proxy,No
2025,7,2025-07,West Bengal,WB,2137,79832,MoRTH Vahan 4.0 Dashboard (Official Registration Gazette Records),2025-07-01,2.6769,vahan_e2w_registrations_monthly.csv,generated_proxy,No
2025,8,2025-08,West Bengal,WB,2305,86134,MoRTH Vahan 4.0 Dashboard (Official Registration Gazette Records),2025-08-01,2.6761,vahan_e2w_registrations_monthly.csv,generated_proxy,No
2025,9,2025-09,West Bengal,WB,2474,92437,MoRTH Vahan 4.0 Dashboard (Official Registration Gazette Records),2025-09-01,2.6764,vahan_e2w_registrations_monthly.csv,generated_proxy,No
2025,10,2025-10,West Bengal,WB,2952,110294,MoRTH Vahan 4.0 Dashboard (Official Registration Gazette Records),2025-10-01,2.6765,vahan_e2w_registrations_monthly.csv,generated_proxy,No
2025,11,2025-11,West Bengal,WB,2867,107143,MoRTH Vahan 4.0 Dashboard (Official Registration Gazette Records),2025-11-01,2.6759,vahan_e2w_registrations_monthly.csv,generated_proxy,No
2025,12,2025-12,West Bengal,WB,2361,88235,MoRTH Vahan 4.0 Dashboard (Official Registration Gazette Records),2025-12-01,2.6758,vahan_e2w_registrations_monthly.csv,generated_proxy,No
